,release_date,region,issue,epiweek,lag,num_ili,num_patients,num_providers,num_age_0,num_age_1,num_age_2,num_age_3,num_age_4,num_age_5,wili,ili
0,2013-12-31,nat,201352,201001,207,14299,721138,1996,4998,3961,,3333,1244,763,1.90711760430302,1.98283823623218
1,2013-12-31,nat,201352,201002,206,14088,770895,2016,4877,4614,,2793,1182,622,1.86737529968374,1.82748623353375
2,2013-12-31,nat,201352,201003,205,14757,766177,2053,5399,5079,,2693,1008,578,1.88072330631514,1.92605625070969
3,2013-12-31,nat,201352,201004,204,15122,785580,2026,5333,5655,,2560,1046,528,1.96908433236079,1.92494717278953
4,2013-12-31,nat,201352,201005,203,16037,767773,1996,5816,6142,,2581,948,550,2.11386811062075,2.0887684250423
5,2013-12-31,nat,201352,201006,202,15381,756068,1977,5496,5577,,2644,1006,658,2.09694583121344,2.03434082648651
6,2013-12-31,nat,201352,201007,201,15065,762208,1954,5388,5536,,2649,994,498,1.90294345645018,1.97649460514715
7,2013-12-31,nat,201352,201008,200,16087,806925,1990,5040,6207,,2943,1218,679,1.96951462278194,1.99361774638287
8,2013-12-31,nat,201352,201009,199,14486,781411,1953,4281,5685,,2763,1085,672,1.92331036712421,1.85382596354543
9,2013-12-31,nat,201352,201010,198,14354,768702,1946,4612,5270,,2660,1112,700,1.89658616483482,1.86730358448397
10,2013-12-31,nat,201352,201011,197,12601,741293,1933,4063,4466,,2468,976,628,1.75180555050134,1.69986766366336
11,2013-12-31,nat,201352,201012,196,11191,747358,1917,3625,4108,,2097,827,534,1.52631922263178,1.49740820329748
12,2013-12-31,nat,201352,201013,195,10359,713863,1875,3408,3733,,1954,736,528,1.49571988362904,1.45111877208932
13,2013-12-31,nat,201352,201014,194,8813,730068,1850,3090,2933,,1718,644,428,1.22313021684613,1.20714782732567
14,2013-12-31,nat,201352,201015,193,8801,749563,1831,3117,3110,,1572,598,404,1.17754240902,1.1741508052025
15,2013-12-31,nat,201352,201016,192,8362,719580,1765,2921,3044,,1461,522,414,1.09111851417293,1.16206676116624
16,2013-12-31,nat,201352,201017,191,8440,720054,1755,3081,2972,,1435,557,395,1.11957937083649,1.17213431214881
17,2013-12-31,nat,201352,201018,190,7914,705551,1710,2781,2901,,1385,482,365,1.08168511952067,1.12167653365951
18,2013-12-31,nat,201352,201019,189,7697,669414,1664,2851,2645,,1363,491,347,1.12497482672273,1.14981162628807
19,2013-12-31,nat,201352,201020,188,7603,670887,1624,2816,2553,,1364,498,372,1.0619697897527,1.13327579756352
20,2013-12-31,nat,201352,201021,187,6853,633532,1497,2636,2188,,1235,445,349,1.08908766932167,1.08171331519166
21,2013-12-31,nat,201352,201022,186,6595,549773,1421,2413,2172,,1212,463,335,1.17760142013009,1.19958601095361
22,2013-12-31,nat,201352,201023,185,5755,604004,1435,2147,1831,,1081,374,322,0.974930395182935,0.95280825954795
23,2013-12-31,nat,201352,201024,184,5316,580329,1405,1975,1784,,978,339,240,0.987131780132296,0.916032112818763
24,2013-12-31,nat,201352,201025,183,5334,575664,1384,2027,1779,,882,397,249,0.99599053755025,0.926582172934212
25,2013-12-31,nat,201352,201026,182,4718,542536,1347,1754,1541,,862,323,238,0.904726272396402,0.869619711871655
26,2013-12-31,nat,201352,201027,181,4691,519414,1353,1753,1566,,816,334,222,0.941927007840111,0.903133146199371
27,2013-12-31,nat,201352,201028,180,4234,547187,1284,1458,1450,,819,298,209,0.880415229455867,0.773775692770479
28,2013-12-31,nat,201352,201029,179,3950,531790,1265,1323,1335,,759,335,198,0.842614661882896,0.742774403429925
29,2013-12-31,nat,201352,201030,178,3850,526723,1250,1290,1279,,805,302,174,0.858382365250436,0.730934475995922
30,2013-12-31,nat,201352,201031,177,4077,518121,1241,1381,1357,,839,291,209,0.833830394847588,0.786881828762007
31,2013-12-31,nat,201352,201032,176,4008,525260,1212,1378,1307,,809,300,214,0.847436542815637,0.763050679663405
32,2013-12-31,nat,201352,201033,175,4518,537190,1225,1485,1592,,883,360,198,0.888273269260976,0.841043206314339
33,2013-12-31,nat,201352,201034,174,4420,558382,1235,1520,1592,,811,295,202,0.76537228790335,0.791572794251964
34,2013-12-31,nat,201352,201035,173,5007,548573,1170,1564,1866,,1019,354,204,0.91858044292525,0.912731760403811
35,2013-12-31,nat,201352,201036,172,5493,531250,1198,1850,1959,,1076,374,234,1.01431787184839,1.03397647058824
36,2013-12-31,nat,201352,201037,171,5510,589930,1210,1720,2118,,1061,358,253,1.01232561233888,0.934009119726069
37,2013-12-31,nat,201352,201038,170,6741,623077,1206,2134,2510,,1291,480,326,1.11803281725652,1.08188875532238
38,2013-12-31,nat,201352,201039,169,6387,599366,1254,1995,2383,,1269,446,294,1.11805942184768,1.06562601148547
39,2017-10-24,nat,201740,201040,365,8473,746485,1838,2627,3142,,1677,627,400,1.10939,1.13505
40,2017-10-24,nat,201740,201041,364,9347,746230,1875,2953,3522,,1779,649,444,1.24341,1.25256
41,2017-10-24,nat,201740,201042,363,9684,777397,1907,3044,3641,,1898,690,411,1.25726,1.2457
42,2017-10-24,nat,201740,201043,362,9904,781234,1929,3226,3822,,1754,682,420,1.25734,1.26774
43,2017-10-24,nat,201740,201044,361,11020,766753,1947,3451,4397,,1981,736,455,1.43414,1.43723
44,2017-10-24,nat,201740,201045,360,11807,769982,1940,3927,4679,,1956,734,511,1.51838,1.53341
45,2017-10-24,nat,201740,201046,359,13336,787038,1921,4416,5322,,2327,774,497,1.61617,1.69445
46,2017-10-24,nat,201740,201047,358,12079,606527,1938,4598,4145,,2043,743,550,1.84378,1.9915
47,2017-10-24,nat,201740,201048,357,13997,772016,1964,5045,4978,,2440,915,619,1.72535,1.81305
48,2017-10-24,nat,201740,201049,356,14958,742606,1936,5060,5867,,2511,893,627,1.87923,2.01426
49,2017-10-24,nat,201740,201050,355,18022,704923,1916,6300,7194,,2847,1031,650,2.3371,2.55659
50,2017-10-24,nat,201740,201051,354,19899,588406,1840,7295,7071,,3433,1262,838,3.03533,3.38185
51,2017-10-24,nat,201740,201052,353,20346,592880,1887,7478,5764,,4455,1581,1068,3.136,3.43172
52,2017-10-24,nat,201740,201101,352,20026,744043,1923,6584,6342,,4455,1586,1059,2.53336,2.69151
53,2017-10-24,nat,201740,201102,351,20721,711908,1921,6238,7773,,4220,1537,953,2.91288,2.91063
54,2017-10-24,nat,201740,201103,350,26257,751850,1964,7247,11243,,5095,1734,938,3.44497,3.49232
55,2017-10-24,nat,201740,201104,349,31975,798637,1947,8007,15291,,5952,1794,931,4.16185,4.0037
56,2017-10-24,nat,201740,201105,348,34284,772974,1970,8195,16366,,6536,1990,1197,4.55159,4.43534
57,2017-10-24,nat,201740,201106,347,34456,812230,1961,8036,16516,,6812,1996,1096,4.46504,4.24215
58,2017-10-24,nat,201740,201107,346,36567,831600,1910,8172,17493,,7257,2352,1293,4.55124,4.39719
59,2017-10-24,nat,201740,201108,345,31277,801449,1908,7839,13718,,6425,2028,1267,4.0822,3.90256
60,2017-10-24,nat,201740,201109,344,24627,781629,1860,6376,10496,,4869,1740,1146,3.38812,3.15073
61,2017-10-24,nat,201740,201110,343,20377,747993,1829,5691,8427,,3939,1421,899,2.99142,2.72422
62,2017-10-24,nat,201740,201111,342,17309,741807,1823,5363,6702,,3265,1175,804,2.61542,2.33336
63,2017-10-24,nat,201740,201112,341,14031,728883,1790,4400,5489,,2551,978,613,2.09065,1.925
64,2017-10-24,nat,201740,201113,340,12957,739375,1770,4189,5025,,2244,877,622,1.86146,1.75243
65,2017-10-24,nat,201740,201114,339,11498,729089,1723,3701,4557,,1985,747,508,1.61377,1.57704
66,2017-10-24,nat,201740,201115,338,9391,691707,1681,3164,3562,,1574,641,450,1.42199,1.35766
67,2017-10-24,nat,201740,201116,337,8695,662612,1651,3139,3064,,1505,559,428,1.3382,1.31223
68,2017-10-24,nat,201740,201117,336,7830,681240,1612,2895,2673,,1324,555,383,1.19995,1.14937
69,2017-10-24,nat,201740,201118,335,7307,655627,1585,2532,2553,,1305,524,393,1.14889,1.11451
70,2017-10-24,nat,201740,201119,334,7236,651983,1556,2551,2595,,1254,485,351,1.12194,1.10984
71,2017-10-24,nat,201740,201120,333,6530,620485,1516,2353,2280,,1131,461,305,1.06712,1.0524
72,2017-10-24,nat,201740,201121,332,6072,586460,1381,2213,2110,,1045,405,299,1.05058,1.03536
73,2017-10-24,nat,201740,201122,331,5946,531954,1357,2249,1980,,1013,397,307,1.15203,1.11777
74,2017-10-24,nat,201740,201123,330,5547,564322,1296,2040,1760,,1037,432,278,0.970975,0.982949
75,2017-10-24,nat,201740,201124,329,4989,539238,1279,1812,1599,,911,405,262,0.894683,0.925194
76,2017-10-24,nat,201740,201125,328,4448,532356,1251,1604,1422,,870,308,244,0.843568,0.835531
77,2017-10-24,nat,201740,201126,327,4218,506732,1225,1472,1462,,750,324,210,0.815409,0.832393
78,2017-10-24,nat,201740,201127,326,4009,468565,1211,1423,1269,,823,270,224,0.823052,0.855591
79,2017-10-24,nat,201740,201128,325,3721,526346,1220,1255,1206,,756,316,188,0.674635,0.706949
80,2017-10-24,nat,201740,201129,324,3597,518011,1203,1243,1184,,733,259,178,0.631883,0.694387
81,2017-10-24,nat,201740,201130,323,3538,514262,1179,1251,1188,,667,263,169,0.641513,0.687976
82,2017-10-24,nat,201740,201131,322,3202,496632,1175,1088,1125,,635,203,151,0.529813,0.644743
83,2017-10-24,nat,201740,201132,321,3523,521671,1175,1207,1223,,704,231,158,0.644089,0.67533
84,2017-10-24,nat,201740,201133,320,3874,531975,1191,1342,1358,,767,241,166,0.667718,0.72823
85,2017-10-24,nat,201740,201134,319,4444,551005,1195,1505,1600,,814,305,220,0.705668,0.806526
86,2017-10-24,nat,201740,201135,318,4717,548228,1200,1528,1781,,887,308,213,0.804155,0.860408
87,2017-10-24,nat,201740,201136,317,4813,514168,1184,1622,1809,,904,293,185,0.907804,0.936075
88,2017-10-24,nat,201740,201137,316,5567,575887,1196,1788,2206,,1022,346,205,1.00555,0.966683
89,2017-10-24,nat,201740,201138,315,5822,584534,1201,1816,2264,,1126,374,242,1.03601,0.996007
90,2017-10-24,nat,201740,201139,314,6708,605162,1213,2248,2514,,1253,449,244,1.07583,1.10846
91,2017-10-24,nat,201740,201140,313,9365,778182,1850,3106,3485,,1765,632,377,1.16092,1.20345
92,2017-10-24,nat,201740,201141,312,9803,791987,1883,3317,3667,,1777,672,370,1.19785,1.23777
93,2017-10-24,nat,201740,201142,311,9958,794995,1905,3324,3837,,1763,655,379,1.27926,1.25259
94,2017-10-24,nat,201740,201143,310,10298,788840,1900,3453,4035,,1773,657,380,1.29194,1.30546
95,2017-10-24,nat,201740,201144,309,11396,784334,1925,3634,4658,,1957,760,387,1.42824,1.45295
96,2017-10-24,nat,201740,201145,308,11496,797839,1946,3949,4348,,2072,671,456,1.39803,1.44089
97,2017-10-24,nat,201740,201146,307,11721,801594,1900,3923,4361,,2166,797,474,1.45831,1.46221
98,2017-10-24,nat,201740,201147,306,10377,626731,1918,4125,3340,,1803,679,430,1.56548,1.65573
99,2017-10-24,nat,201740,201148,305,11479,782984,1904,4237,3955,,2059,815,413,1.34313,1.46606
100,2017-10-24,nat,201740,201149,304,11187,736905,1898,3995,4040,,1938,772,442,1.48139,1.51811
101,2017-10-24,nat,201740,201150,303,12137,729258,1872,4579,4097,,2077,838,546,1.63398,1.66429
102,2017-10-24,nat,201740,201151,302,11958,645424,1851,5016,3535,,2068,818,521,1.83126,1.85274
103,2017-10-24,nat,201740,201152,301,12356,581697,1821,5243,3184,,2315,946,668,2.10451,2.12413
104,2017-10-24,nat,201740,201201,300,11992,678631,1891,4514,3393,,2342,1028,715,1.73625,1.76709
105,2017-10-24,nat,201740,201202,299,11543,747894,1883,4059,3636,,2319,918,611,1.55066,1.5434
106,2017-10-24,nat,201740,201203,298,11939,724623,1887,4364,4030,,2247,800,498,1.62891,1.64762
107,2017-10-24,nat,201740,201204,297,13209,784244,1891,4766,4802,,2303,825,513,1.76038,1.6843
108,2017-10-24,nat,201740,201205,296,14448,775298,1885,5218,5336,,2415,915,564,1.92728,1.86354
109,2017-10-24,nat,201740,201206,295,14624,784516,1875,5028,5555,,2582,894,565,1.91994,1.86408
110,2017-10-24,nat,201740,201207,294,15929,789193,1884,5277,5994,,2937,1054,667,2.09951,2.01839
111,2017-10-24,nat,201740,201208,293,16137,767022,1853,5246,5990,,3009,1131,761,2.23973,2.10385
112,2017-10-24,nat,201740,201209,292,16518,788242,1826,5219,6239,,3141,1153,766,2.21921,2.09555
113,2017-10-24,nat,201740,201210,291,15763,749198,1816,4811,6493,,2832,998,629,2.16693,2.10398
114,2017-10-24,nat,201740,201211,290,17150,747570,1819,5175,6768,,3321,1185,701,2.38913,2.2941
115,2017-10-24,nat,201740,201212,289,14524,755579,1780,4422,5683,,2822,988,609,1.96466,1.92223
116,2017-10-24,nat,201740,201213,288,13017,747079,1753,3807,5256,,2485,920,549,1.84229,1.74239
117,2017-10-24,nat,201740,201214,287,11930,711808,1729,3582,4631,,2306,839,572,1.68674,1.67601
118,2017-10-24,nat,201740,201215,286,10732,717202,1707,3253,4059,,2109,767,544,1.53136,1.49637
119,2017-10-24,nat,201740,201216,285,10123,732480,1699,3001,4020,,1990,719,393,1.37912,1.38202
120,2017-10-24,nat,201740,201217,284,9370,726772,1675,2638,3802,,1831,664,435,1.29515,1.28926
121,2017-10-24,nat,201740,201218,283,8999,662649,1564,2509,3671,,1728,636,455,1.39521,1.35803
122,2017-10-24,nat,201740,201219,282,8576,655492,1546,2524,3468,,1559,606,419,1.32522,1.30833
123,2017-10-24,nat,201740,201220,281,8062,636347,1503,2465,3087,,1547,588,375,1.23059,1.26692
124,2017-10-24,nat,201740,201221,280,7878,616765,1415,2545,3011,,1461,483,378,1.23028,1.27731
125,2017-10-24,nat,201740,201222,279,7153,550614,1409,2480,2601,,1276,446,350,1.26877,1.2991
126,2017-10-24,nat,201740,201223,278,6765,581700,1365,2336,2352,,1281,458,338,1.10782,1.16297
127,2017-10-24,nat,201740,201224,277,6133,564670,1289,2231,2024,,1150,428,300,1.09559,1.08612
128,2017-10-24,nat,201740,201225,276,6048,572296,1295,2259,1974,,1119,411,285,1.11031,1.0568
129,2017-10-24,nat,201740,201226,275,5786,536380,1260,2168,1850,,1058,422,288,1.10616,1.07871
130,2017-10-24,nat,201740,201227,274,5291,505533,1271,1911,1706,,1013,388,273,1.10816,1.04662
131,2017-10-24,nat,201740,201228,273,5185,558637,1240,1913,1751,,964,337,220,0.999444,0.928152
132,2017-10-24,nat,201740,201229,272,4931,546713,1223,1818,1640,,914,318,241,0.924199,0.901936
133,2017-10-24,nat,201740,201230,271,5103,557488,1250,1752,1721,,975,372,283,0.949257,0.915356
134,2017-10-24,nat,201740,201231,270,5159,541600,1240,1728,1706,,1050,408,267,0.978903,0.952548
135,2017-10-24,nat,201740,201232,269,5026,548294,1248,1660,1718,,989,375,284,0.925024,0.916661
136,2017-10-24,nat,201740,201233,268,5051,560110,1238,1721,1755,,986,357,232,0.848456,0.901787
137,2017-10-24,nat,201740,201234,267,6141,594395,1238,2098,2128,,1194,425,296,1.04451,1.03315
138,2017-10-24,nat,201740,201235,266,6318,600354,1238,1958,2335,,1305,443,277,1.0986,1.05238
139,2017-10-24,nat,201740,201236,265,6296,558585,1242,1886,2294,,1317,481,318,1.22071,1.12713
140,2017-10-24,nat,201740,201237,264,7382,622114,1252,2176,2870,,1408,513,415,1.24976,1.1866
141,2017-10-24,nat,201740,201238,263,7656,630563,1268,2295,2972,,1530,511,348,1.22892,1.21415
142,2017-10-24,nat,201740,201239,262,7807,623572,1248,2421,2867,,1546,575,398,1.29393,1.25198
143,2017-10-24,nat,201740,201240,261,9395,779285,1932,2773,3691,,1814,702,415,1.23034,1.20559
144,2017-10-24,nat,201740,201241,260,10158,769959,1940,2960,4007,,1957,745,489,1.3278,1.31929
145,2017-10-24,nat,201740,201242,259,10585,797444,1968,3202,4233,,1902,760,488,1.33995,1.32737
146,2017-10-24,nat,201740,201243,258,10913,798388,1958,3346,4268,,2012,771,516,1.37842,1.36688
147,2017-10-24,nat,201740,201244,257,11061,734781,1929,3326,4422,,2032,797,484,1.50085,1.50535
148,2017-10-24,nat,201740,201245,256,12674,785871,1974,3733,5145,,2330,925,541,1.65163,1.61273
149,2017-10-24,nat,201740,201246,255,13623,777534,1966,4034,5526,,2569,897,597,1.76746,1.75208
150,2017-10-24,nat,201740,201247,254,14650,627772,1968,4651,5387,,2824,1105,683,2.30609,2.33365
151,2017-10-24,nat,201740,201248,253,18521,831730,2006,5102,7018,,3950,1498,953,2.16324,2.2268
152,2017-10-24,nat,201740,201249,252,24877,835762,2006,6486,10857,,4672,1791,1071,2.83038,2.97657
153,2017-10-24,nat,201740,201250,251,29432,811800,1977,7446,12945,,5692,2087,1262,3.43761,3.62552
154,2017-10-24,nat,201740,201251,250,34332,754019,1908,8546,13971,,7437,2730,1648,4.30554,4.5532
155,2017-10-24,nat,201740,201252,249,36588,607171,1905,9709,11391,,9295,3639,2554,6.06082,6.02598
156,2017-10-24,nat,201740,201301,248,34103,687051,1982,8444,9108,,9679,4080,2792,4.64931,4.96368
157,2017-10-24,nat,201740,201302,247,39896,850531,1995,8297,13424,,10877,4502,2796,4.32584,4.69072
158,2017-10-24,nat,201740,201303,246,39441,838326,2008,8633,15992,,8977,3523,2316,4.51113,4.70473
159,2017-10-24,nat,201740,201304,245,32426,778610,1978,7441,13439,,7021,2760,1765,4.2171,4.1646
160,2017-10-24,nat,201740,201305,244,29808,806640,1963,6609,12653,,6421,2551,1574,3.78956,3.69533
161,2017-10-24,nat,201740,201306,243,24987,772086,1931,5757,10816,,5236,1971,1207,3.29206,3.2363
162,2017-10-24,nat,201740,201307,242,22321,771229,1926,5289,9395,,4698,1894,1045,3.0197,2.89421
163,2017-10-24,nat,201740,201308,241,20519,755092,1940,5099,8415,,4357,1625,1023,2.71499,2.71742
164,2017-10-24,nat,201740,201309,240,19231,762238,1893,4633,7981,,4030,1619,968,2.4845,2.52297
165,2017-10-24,nat,201740,201310,239,18829,737736,1884,4791,7709,,3935,1536,858,2.57808,2.55227
166,2017-10-24,nat,201740,201311,238,17392,715059,1846,4480,7065,,3606,1352,889,2.39237,2.43225
167,2017-10-24,nat,201740,201312,237,15254,723449,1825,3957,6095,,3191,1270,741,2.06778,2.10851
168,2017-10-24,nat,201740,201313,236,13714,704276,1811,3830,5204,,2924,1124,632,1.90281,1.94725
169,2017-10-24,nat,201740,201314,235,12273,701881,1769,3516,4299,,2677,1106,675,1.65902,1.74859
170,2017-10-24,nat,201740,201315,234,10818,722583,1742,3110,3929,,2219,957,603,1.43006,1.49713
171,2017-10-24,nat,201740,201316,233,9188,694415,1732,2707,3509,,1757,724,491,1.27757,1.32313
172,2017-10-24,nat,201740,201317,232,8589,700300,1711,2588,3364,,1630,582,425,1.19009,1.22647
173,2017-10-24,nat,201740,201318,231,7986,667648,1675,2439,3142,,1470,565,370,1.09556,1.19614
174,2017-10-24,nat,201740,201319,230,7704,647130,1630,2422,2877,,1474,570,361,1.08589,1.19049
175,2017-10-24,nat,201740,201320,229,7317,623114,1582,2431,2583,,1345,565,393,1.07343,1.17426
176,2017-10-24,nat,201740,201321,228,6589,581338,1489,2230,2219,,1279,493,368,1.01677,1.13342
177,2017-10-24,nat,201740,201322,227,6190,541528,1486,2109,2094,,1147,483,357,1.04847,1.14306
178,2017-10-24,nat,201740,201323,226,5638,558875,1421,1983,1779,,1086,460,330,0.920349,1.00881
179,2017-10-24,nat,201740,201324,225,5539,541138,1419,1969,1713,,1112,468,277,0.920779,1.02358
180,2017-10-24,nat,201740,201325,224,5474,546643,1405,1877,1766,,1040,489,302,0.904333,1.00138
181,2017-10-24,nat,201740,201326,223,4915,540408,1389,1703,1581,,947,399,285,0.83057,0.909498
182,2017-10-24,nat,201740,201327,222,4506,474295,1357,1594,1489,,851,321,251,0.862837,0.950042
183,2017-10-24,nat,201740,201328,221,4510,543833,1362,1576,1491,,862,362,219,0.732182,0.829299
184,2017-10-24,nat,201740,201329,220,4186,521874,1341,1432,1405,,849,315,185,0.724558,0.802109
185,2017-10-24,nat,201740,201330,219,4233,524969,1325,1416,1464,,800,332,221,0.740848,0.806333
186,2017-10-24,nat,201740,201331,218,3886,487617,1290,1216,1284,,852,350,184,0.726037,0.796937
187,2017-10-24,nat,201740,201332,217,4075,523015,1299,1367,1338,,870,302,198,0.755639,0.779136
188,2017-10-24,nat,201740,201333,216,4168,522533,1276,1364,1366,,919,331,188,0.761847,0.797653
189,2017-10-24,nat,201740,201334,215,4317,522965,1265,1331,1561,,892,301,232,0.779896,0.825485
190,2017-10-24,nat,201740,201335,214,5053,540157,1260,1499,1814,,1014,410,316,0.899138,0.935469
191,2017-10-24,nat,201740,201336,213,5626,539175,1317,1681,2035,,1137,462,311,0.999524,1.04345
192,2017-10-24,nat,201740,201337,212,6374,584196,1307,1926,2437,,1217,440,354,1.0558,1.09107
193,2017-10-24,nat,201740,201338,211,7110,591969,1290,2175,2683,,1350,537,365,1.0967,1.20108
194,2017-10-24,nat,201740,201339,210,7963,631088,1364,2393,2963,,1500,648,459,1.24709,1.26179
195,2017-10-24,nat,201740,201340,209,9677,854487,1960,2974,3769,,1840,638,456,1.15746,1.13249
196,2017-10-24,nat,201740,201341,208,10420,860298,1990,3276,3925,,1924,762,533,1.27184,1.21121
197,2017-10-24,nat,201740,201342,207,10658,848016,2018,3483,3880,,2010,785,500,1.31623,1.25682
198,2017-10-24,nat,201740,201343,206,12036,877917,2027,3930,4484,,2292,816,514,1.37444,1.37097
199,2017-10-24,nat,201740,201344,205,12502,874537,2028,4045,4642,,2354,930,531,1.46781,1.42956
200,2017-10-24,nat,201740,201345,204,13498,878845,2017,4434,5062,,2511,953,538,1.5834,1.53588
201,2017-10-24,nat,201740,201346,203,13927,868987,2054,4643,5000,,2716,990,578,1.60253,1.60267
202,2017-10-24,nat,201740,201347,202,15168,875411,2012,4835,5579,,3088,1083,583,1.72344,1.73267
203,2017-10-24,nat,201740,201348,201,13975,665926,2042,4937,4313,,3027,1059,639,2.11076,2.09858
204,2017-10-24,nat,201740,201349,200,18920,854664,2055,5549,6579,,4375,1552,865,2.1708,2.21374
205,2017-10-24,nat,201740,201350,199,19398,802651,2054,5501,7046,,4458,1591,802,2.36971,2.41674
206,2017-10-24,nat,201740,201351,198,24697,814891,2009,6555,8406,,6525,2272,939,3.15997,3.03071
207,2017-10-24,nat,201740,201352,197,26988,615148,2007,7814,7485,,7499,2874,1316,4.59053,4.38724
208,2017-10-24,nat,201740,201401,196,28654,680424,2033,7488,6726,,9135,3555,1750,4.28195,4.2112
209,2017-10-24,nat,201740,201402,195,28147,812343,2059,6233,7881,,8846,3565,1622,3.56288,3.46492
210,2017-10-24,nat,201740,201403,194,28370,855297,2049,6007,9517,,8091,3149,1606,3.36378,3.31698
211,2017-10-24,nat,201740,201404,193,25502,786928,2062,5878,8858,,6818,2616,1332,3.39659,3.2407
212,2017-10-24,nat,201740,201405,192,23484,813726,2051,5133,8714,,6031,2403,1203,3.11922,2.88598
213,2017-10-24,nat,201740,201406,191,21085,804244,2051,4729,7711,,5278,2242,1125,2.83572,2.62172
214,2017-10-24,nat,201740,201407,190,18195,777340,2018,4210,6717,,4470,1829,969,2.48484,2.34067
215,2017-10-24,nat,201740,201408,189,17234,812700,2025,4250,6121,,4306,1684,873,2.2741,2.12059
216,2017-10-24,nat,201740,201409,188,15914,832786,1978,3953,5875,,3691,1505,890,2.07244,1.91094
217,2017-10-24,nat,201740,201410,187,15044,790831,1944,3775,5575,,3472,1430,792,1.98207,1.9023
218,2017-10-24,nat,201740,201411,186,14024,794024,1904,3616,5022,,3210,1360,816,1.82441,1.76619
219,2017-10-24,nat,201740,201412,185,14926,803374,1922,3798,5611,,3285,1422,810,1.82036,1.85791
220,2017-10-24,nat,201740,201413,184,14661,805133,1887,3523,5812,,3256,1298,772,1.75391,1.82094
221,2017-10-24,nat,201740,201414,183,14637,797863,1866,3582,5659,,3153,1436,807,1.74542,1.83453
222,2017-10-24,nat,201740,201415,182,14206,809707,1845,3574,5587,,2943,1316,786,1.67236,1.75446
223,2017-10-24,nat,201740,201416,181,11723,773101,1810,3130,4279,,2516,1088,710,1.51659,1.51636
224,2017-10-24,nat,201740,201417,180,10814,770592,1771,2846,3770,,2504,1036,658,1.44778,1.40334
225,2017-10-24,nat,201740,201418,179,9648,766139,1746,2501,3591,,2084,913,559,1.29028,1.2593
226,2017-10-24,nat,201740,201419,178,9775,737834,1714,2789,3615,,2009,834,528,1.37388,1.32482
227,2017-10-24,nat,201740,201420,177,9033,708049,1660,2544,3256,,1876,825,532,1.34208,1.27576
228,2017-10-24,nat,201740,201421,176,8797,679395,1570,2733,3068,,1742,771,483,1.34563,1.29483
229,2017-10-24,nat,201740,201422,175,7658,624582,1554,2528,2459,,1542,625,504,1.21291,1.2261
230,2017-10-24,nat,201740,201423,174,7229,631143,1461,2383,2349,,1492,607,398,1.19291,1.14538
231,2017-10-24,nat,201740,201424,173,6783,635233,1461,2227,2181,,1413,561,401,1.14146,1.0678
232,2017-10-24,nat,201740,201425,172,6369,593740,1392,2159,2009,,1285,528,388,1.06503,1.07269
233,2017-10-24,nat,201740,201426,171,6038,596063,1411,2049,1917,,1235,509,328,1.12669,1.01298
234,2017-10-24,nat,201740,201427,170,5352,538049,1388,1865,1688,,1075,416,308,0.947353,0.994705
235,2017-10-24,nat,201740,201428,169,5295,601116,1394,1758,1623,,1122,441,351,0.944187,0.880862
236,2017-10-24,nat,201740,201429,168,5083,592305,1376,1582,1621,,1116,403,361,0.934822,0.858173
237,2017-10-24,nat,201740,201430,167,4765,591814,1372,1455,1450,,1128,398,334,0.81736,0.805152
238,2017-10-24,nat,201740,201431,166,4942,603580,1378,1450,1655,,1094,417,326,0.852792,0.818781
239,2017-10-24,nat,201740,201432,165,4744,605307,1382,1460,1528,,1074,409,273,0.746994,0.783735
240,2017-10-24,nat,201740,201433,164,4980,586778,1369,1528,1631,,1107,403,311,0.761098,0.848703
241,2017-10-24,nat,201740,201434,163,5305,635980,1371,1569,1813,,1196,412,315,0.767627,0.834146
242,2017-10-24,nat,201740,201435,162,5799,640080,1353,1684,2184,,1223,401,307,0.862176,0.905981
243,2017-10-24,nat,201740,201436,161,6050,578913,1352,1753,2258,,1284,453,302,0.984907,1.04506
244,2017-10-24,nat,201740,201437,160,8130,695966,1401,2300,3316,,1550,568,396,1.16287,1.16816
245,2017-10-24,nat,201740,201438,159,8888,696282,1405,2535,3650,,1705,605,393,1.22731,1.27649
246,2017-10-24,nat,201740,201439,158,8874,683887,1407,2522,3447,,1820,657,428,1.2071,1.29758
247,2017-10-24,nat,201740,201440,157,10150,841540,1937,2958,3994,,1959,712,527,1.16191,1.20612
248,2017-10-24,nat,201740,201441,156,10977,828544,1960,3055,4437,,2116,821,548,1.30905,1.32485
249,2017-10-24,nat,201740,201442,155,11941,845727,2000,3442,4728,,2321,870,580,1.37072,1.41192
250,2017-10-24,nat,201740,201443,154,12292,862314,2008,3455,4955,,2459,892,531,1.43373,1.42547
251,2017-10-24,nat,201740,201444,153,12313,855608,2053,3632,5102,,2242,807,530,1.42791,1.43909
252,2017-10-24,nat,201740,201445,152,13853,857601,2058,4277,5799,,2349,863,565,1.61605,1.61532
253,2017-10-24,nat,201740,201446,151,14062,844700,1997,4424,5816,,2323,911,588,1.65976,1.66473
254,2017-10-24,nat,201740,201447,150,16674,831289,2058,4740,7322,,2921,1049,642,2.05459,2.0058
255,2017-10-24,nat,201740,201448,149,17602,671251,2067,5432,6848,,3277,1165,880,2.53541,2.62227
256,2017-10-24,nat,201740,201449,148,22905,878430,2097,6185,9106,,4623,1767,1224,2.54253,2.60749
257,2017-10-24,nat,201740,201450,147,29172,853532,2069,7424,13050,,5287,1970,1441,3.60563,3.4178
258,2017-10-24,nat,201740,201451,146,37382,837119,2016,9270,16418,,6920,2671,2103,4.90976,4.46555
259,2017-10-24,nat,201740,201452,145,40533,662849,1984,10363,13951,,8982,3718,3519,5.98221,6.11497
260,2017-10-24,nat,201740,201453,144,36891,694773,1983,9732,9406,,9348,4288,4117,5.47421,5.30979
261,2017-10-24,nat,201740,201501,143,31483,771835,1958,7160,9589,,8072,3614,3048,4.21374,4.07898
262,2017-10-24,nat,201740,201502,142,31204,792459,1971,7044,11966,,6946,2909,2339,4.21022,3.93762
263,2017-10-24,nat,201740,201503,141,33221,800359,1966,7840,13949,,6451,2951,2030,4.25968,4.15076
264,2017-10-24,nat,201740,201504,140,30621,789407,1955,7118,13159,,5844,2585,1915,3.97761,3.87899
265,2017-10-24,nat,201740,201505,139,28151,814097,1950,6656,12093,,5380,2368,1654,3.63443,3.45794
266,2017-10-24,nat,201740,201506,138,25218,823153,1917,6429,10328,,4884,2072,1505,3.26527,3.06359
267,2017-10-24,nat,201740,201507,137,21109,746836,1907,5537,8164,,4295,1842,1271,2.93083,2.82646
268,2017-10-24,nat,201740,201508,136,19178,812660,1934,4823,7280,,4061,1765,1249,2.54474,2.3599
269,2017-10-24,nat,201740,201509,135,18441,789858,1912,4639,7116,,3914,1696,1076,2.47227,2.33472
270,2017-10-24,nat,201740,201510,134,17833,805881,1907,4710,6748,,3654,1654,1067,2.35665,2.21286
271,2017-10-24,nat,201740,201511,133,16695,804117,1883,4559,6084,,3482,1573,997,2.17008,2.07619
272,2017-10-24,nat,201740,201512,132,16122,801027,1848,4418,6003,,3284,1486,931,2.04297,2.01267
273,2017-10-24,nat,201740,201513,131,14975,771143,1819,4174,5623,,2968,1321,889,1.954,1.94192
274,2017-10-24,nat,201740,201514,130,13733,785602,1820,3903,4634,,2931,1387,878,1.72287,1.74809
275,2017-10-24,nat,201740,201515,129,12044,800974,1813,3448,4214,,2448,1160,774,1.53694,1.50367
276,2017-10-24,nat,201740,201516,128,10860,756827,1768,3182,4011,,2052,975,640,1.38283,1.43494
277,2017-10-24,nat,201740,201517,127,11095,761638,1753,3203,4280,,2122,888,602,1.46265,1.45673
278,2017-10-24,nat,201740,201518,126,10694,748690,1735,3106,4079,,2074,846,589,1.38934,1.42836
279,2017-10-24,nat,201740,201519,125,9671,714799,1688,2805,3641,,1810,813,602,1.3468,1.35297
280,2017-10-24,nat,201740,201520,124,9024,678023,1622,2754,3296,,1768,736,470,1.25452,1.33093
281,2017-10-24,nat,201740,201521,123,7913,616171,1579,2593,2714,,1461,652,493,1.21636,1.28422
282,2017-10-24,nat,201740,201522,122,6946,609891,1505,2211,2345,,1334,594,462,1.16734,1.13889
283,2017-10-24,nat,201740,201523,121,6744,611184,1455,2109,2284,,1320,575,456,1.04654,1.10343
284,2017-10-24,nat,201740,201524,120,5850,602628,1459,1734,2046,,1167,495,408,0.943661,0.970748
285,2017-10-24,nat,201740,201525,119,5913,592081,1445,1897,1921,,1170,496,429,0.935046,0.998681
286,2017-10-24,nat,201740,201526,118,5232,534938,1417,1678,1701,,1043,430,380,0.934726,0.978057
287,2017-10-24,nat,201740,201527,117,5116,590468,1428,1546,1675,,1081,443,371,0.864118,0.866431
288,2017-10-24,nat,201740,201528,116,4870,588337,1411,1487,1609,,1028,405,341,0.806535,0.827757
289,2017-10-24,nat,201740,201529,115,4626,580010,1401,1383,1498,,1011,413,321,0.742747,0.797572
290,2017-10-24,nat,201740,201530,114,4605,567663,1352,1415,1459,,999,432,300,0.737859,0.811221
291,2017-10-24,nat,201740,201531,113,4753,578812,1364,1392,1590,,1026,420,325,0.743224,0.821165
292,2017-10-24,nat,201740,201532,112,4750,579668,1340,1330,1667,,1062,400,291,0.805251,0.819435
293,2017-10-24,nat,201740,201533,111,5173,609994,1356,1429,1815,,1134,436,359,0.816943,0.848041
294,2017-10-24,nat,201740,201534,110,5648,635661,1362,1687,2033,,1151,423,354,0.814518,0.888524
295,2017-10-24,nat,201740,201535,109,5963,619323,1354,1636,2292,,1230,481,324,0.86067,0.962826
296,2017-10-24,nat,201740,201536,108,5970,583853,1349,1714,2169,,1297,461,329,0.886704,1.02252
297,2017-10-24,nat,201740,201537,107,7062,651524,1369,1993,2744,,1392,536,397,1.00845,1.08392
298,2017-10-24,nat,201740,201538,106,7704,654414,1367,2178,2947,,1520,627,432,1.06625,1.17724
299,2017-10-24,nat,201740,201539,105,7626,650904,1332,2170,2746,,1654,652,404,1.05995,1.1716
300,2017-10-24,nat,201740,201540,104,10049,808287,1963,2849,3693,,2015,871,621,1.22559,1.24325
301,2017-10-24,nat,201740,201541,103,10715,809660,1976,3016,4007,,2102,912,678,1.31066,1.3234
302,2017-10-24,nat,201740,201542,102,11584,825079,1995,3263,4360,,2357,951,653,1.3711,1.40399
303,2017-10-24,nat,201740,201543,101,11164,811165,1999,3141,4148,,2254,927,694,1.39171,1.37629
304,2017-10-24,nat,201740,201544,100,12423,845875,2048,3563,4783,,2450,935,692,1.43712,1.46866
305,2017-10-24,nat,201740,201545,99,12676,826877,2028,3746,4725,,2517,943,745,1.50165,1.533
306,2017-10-24,nat,201740,201546,98,13484,838344,2023,3960,5076,,2656,1026,766,1.59805,1.60841
307,2017-10-24,nat,201740,201547,97,12158,639738,2000,3974,4073,,2427,981,703,1.89668,1.90047
308,2017-10-24,nat,201740,201548,96,14617,841777,2040,4469,5076,,3011,1232,829,1.67728,1.73645
309,2017-10-24,nat,201740,201549,95,14986,823657,2020,4575,5384,,2902,1252,873,1.78296,1.81945
310,2017-10-24,nat,201740,201550,94,15396,783227,2000,5135,5105,,2963,1250,943,1.87336,1.96571
311,2017-10-24,nat,201740,201551,93,14839,613128,1978,5377,4317,,2876,1256,1013,2.32148,2.42021
312,2017-10-24,nat,201740,201552,92,15679,650356,1949,5700,4011,,3264,1524,1180,2.40991,2.41083
313,2017-10-24,nat,201740,201601,91,15654,787192,2004,4775,4494,,3597,1631,1157,1.94328,1.98859
314,2017-10-24,nat,201740,201602,90,15517,779809,2005,4574,5362,,3180,1380,1021,1.99796,1.98985
315,2017-10-24,nat,201740,201603,89,15661,743249,2008,4804,5380,,3226,1297,954,2.11829,2.1071
316,2017-10-24,nat,201740,201604,88,18143,827482,2026,5088,6882,,3615,1551,1007,2.25112,2.19256
317,2017-10-24,nat,201740,201605,87,18944,823602,2007,5135,7353,,3759,1625,1072,2.37116,2.30014
318,2017-10-24,nat,201740,201606,86,21774,813755,2000,5645,8434,,4600,1916,1179,2.80035,2.67574
319,2017-10-24,nat,201740,201607,85,24681,816098,1993,5997,9325,,5642,2347,1370,3.16475,3.02427
320,2017-10-24,nat,201740,201608,84,26423,848718,1956,6299,10127,,6001,2606,1390,3.15183,3.11328
321,2017-10-24,nat,201740,201609,83,28468,855439,1952,6619,11415,,6395,2599,1440,3.3321,3.32788
322,2017-10-24,nat,201740,201610,82,30481,848628,1922,6660,11856,,7358,2977,1630,3.56024,3.5918
323,2017-10-24,nat,201740,201611,81,24894,804948,1898,5574,9334,,6026,2489,1471,3.05479,3.09262
324,2017-10-24,nat,201740,201612,80,21940,786936,1900,5187,8489,,4982,2000,1282,2.76732,2.78803
325,2017-10-24,nat,201740,201613,79,19603,776752,1832,4581,7392,,4476,1953,1201,2.44161,2.52371
326,2017-10-24,nat,201740,201614,78,16769,787543,1813,3707,6403,,3869,1660,1130,2.03348,2.12928
327,2017-10-24,nat,201740,201615,77,16261,792672,1805,3572,6595,,3530,1533,1031,1.98593,2.05142
328,2017-10-24,nat,201740,201616,76,15437,775895,1774,3515,6357,,3247,1373,945,1.91514,1.98957
329,2017-10-24,nat,201740,201617,75,13836,774777,1759,3157,5557,,2986,1235,901,1.69968,1.7858
330,2017-10-24,nat,201740,201618,74,11870,741210,1742,2772,4729,,2586,1037,746,1.57635,1.60144
331,2017-10-24,nat,201740,201619,73,10707,726244,1690,2871,4046,,2276,849,665,1.3935,1.4743
332,2017-10-24,nat,201740,201620,72,9798,688612,1626,2688,3630,,1998,839,643,1.29941,1.42286
333,2017-10-24,nat,201740,201621,71,8787,635835,1439,2612,3126,,1714,717,618,1.18379,1.38196
334,2017-10-24,nat,201740,201622,70,7997,598077,1482,2545,2620,,1637,663,532,1.13723,1.33712
335,2017-10-24,nat,201740,201623,69,7201,632252,1446,2293,2313,,1460,617,518,1.04118,1.13894
336,2017-10-24,nat,201740,201624,68,6768,617287,1440,2189,2171,,1354,588,466,0.971814,1.09641
337,2017-10-24,nat,201740,201625,67,6024,602666,1402,2062,1905,,1178,493,386,0.863306,0.999559
338,2017-10-24,nat,201740,201626,66,5686,573793,1382,1873,1810,,1146,473,384,0.833797,0.99095
339,2017-10-24,nat,201740,201627,65,5118,549582,1379,1646,1641,,985,463,383,0.784516,0.931253
340,2017-10-24,nat,201740,201628,64,5078,602288,1392,1610,1599,,1064,422,383,0.734327,0.843118
341,2017-10-24,nat,201740,201629,63,5044,600272,1388,1670,1621,,994,384,375,0.698845,0.840286
342,2017-10-24,nat,201740,201630,62,4925,593327,1393,1580,1624,,1036,362,323,0.723099,0.830065
343,2017-10-24,nat,201740,201631,61,4596,581457,1360,1455,1496,,971,359,315,0.663501,0.790428
344,2017-10-24,nat,201740,201632,60,4868,585923,1329,1512,1639,,1016,382,319,0.69276,0.830826
345,2017-10-24,nat,201740,201633,59,5265,614499,1345,1644,1914,,1028,373,306,0.710029,0.856796
346,2017-10-24,nat,201740,201634,58,6260,621362,1356,1848,2364,,1234,465,349,0.834232,1.00746
347,2017-10-24,nat,201740,201635,57,6504,614349,1354,1815,2651,,1242,455,341,0.992621,1.05868
348,2017-10-24,nat,201740,201636,56,6623,601938,1347,1883,2604,,1284,471,381,1.01605,1.10028
349,2017-10-24,nat,201740,201637,55,7639,666755,1365,2026,3073,,1509,579,452,1.07169,1.1457
350,2017-10-24,nat,201740,201638,54,8229,675119,1363,2341,3298,,1539,613,438,1.10163,1.2189
351,2017-10-24,nat,201740,201639,53,8505,648678,1389,2413,3334,,1645,630,483,1.18841,1.31113
352,2018-10-05,nat,201839,201640,103,10920,869249,1956,3119,4174,,2149,833,645,1.19763,1.25626
353,2018-10-05,nat,201839,201641,102,10997,851042,1977,3207,4078,,2155,879,678,1.22887,1.29218
354,2018-10-05,nat,201839,201642,101,11926,896532,1986,3564,4452,,2234,981,695,1.26723,1.33024
355,2018-10-05,nat,201839,201643,100,12648,887194,2008,3786,4769,,2406,987,700,1.36226,1.42562
356,2018-10-05,nat,201839,201644,99,13790,878396,2001,4314,5287,,2444,1030,715,1.48468,1.56991
357,2018-10-05,nat,201839,201645,98,14258,863967,1993,4703,5193,,2549,1055,758,1.55838,1.65029
358,2018-10-05,nat,201839,201646,97,15160,875353,2002,4979,5610,,2659,1083,829,1.64639,1.73187
359,2018-10-05,nat,201839,201647,96,14208,698702,2013,5032,4567,,2634,1108,867,1.91196,2.03348
360,2018-10-05,nat,201839,201648,95,16605,883118,2005,5209,5655,,3326,1359,1056,1.81129,1.88027
361,2018-10-05,nat,201839,201649,94,16976,847500,2018,5512,5814,,3188,1415,1047,1.91669,2.00307
362,2018-10-05,nat,201839,201650,93,18463,811687,2005,5744,6724,,3491,1485,1019,2.20671,2.27465
363,2018-10-05,nat,201839,201651,92,21570,740295,1982,6657,7470,,4099,1923,1421,2.73096,2.9137
364,2018-10-05,nat,201839,201652,91,24900,701866,1931,7712,7144,,5247,2652,2145,3.36152,3.54769
365,2018-10-05,nat,201839,201701,90,24178,785080,2028,6716,6786,,5673,2773,2230,3.09232,3.07969
366,2018-10-05,nat,201839,201702,89,24904,824374,2001,6022,8847,,5315,2639,2081,3.07623,3.02096
367,2018-10-05,nat,201839,201703,88,28759,845666,2033,6403,12121,,5588,2717,1930,3.50708,3.40075
368,2018-10-05,nat,201839,201704,87,31221,884076,2024,6958,14064,,5762,2617,1820,3.79872,3.53148
369,2018-10-05,nat,201839,201705,86,36510,902215,2029,7452,17475,,6522,2968,2093,4.43601,4.04671
370,2018-10-05,nat,201839,201706,85,42890,902292,2030,8110,20150,,8235,3749,2646,5.06094,4.75345
371,2018-10-05,nat,201839,201707,84,41098,883216,1973,7737,18715,,8348,3660,2638,4.85988,4.65322
372,2018-10-05,nat,201839,201708,83,40124,878193,1990,7649,17300,,8560,3807,2808,4.57809,4.56893
373,2018-10-05,nat,201839,201709,82,30183,873909,1998,6129,12394,,6496,2983,2181,3.55555,3.45379
374,2018-10-05,nat,201839,201710,81,28051,851118,1973,5851,11546,,5970,2766,1918,3.50492,3.29578
375,2018-10-05,nat,201839,201711,80,25484,805664,1961,5503,10084,,5535,2582,1780,3.21406,3.16311
376,2018-10-05,nat,201839,201712,79,27371,871632,1943,5518,11512,,5860,2642,1839,3.09854,3.1402
377,2018-10-05,nat,201839,201713,78,24375,846072,1904,5158,10155,,5078,2356,1628,2.79765,2.88096
378,2018-10-05,nat,201839,201714,77,19684,830587,1910,4490,8183,,3918,1760,1333,2.38646,2.36989
379,2018-10-05,nat,201839,201715,76,15552,803557,1865,3909,5851,,3152,1470,1170,1.96699,1.93539
380,2018-10-05,nat,201839,201716,75,13012,793124,1850,3308,4683,,2766,1258,997,1.73523,1.6406
381,2018-10-05,nat,201839,201717,74,11955,808770,1850,2997,4497,,2392,1111,958,1.5635,1.47817
382,2018-10-05,nat,201839,201718,73,10763,786659,1800,2890,4106,,2039,1011,717,1.4041,1.36819
383,2018-10-05,nat,201839,201719,72,10188,761114,1770,2746,3822,,2037,862,721,1.27729,1.33856
384,2018-10-05,nat,201839,201720,71,9809,728618,1749,2685,3518,,2011,886,709,1.28245,1.34625
385,2018-10-05,nat,201839,201721,70,8564,677064,1617,2341,3060,,1745,771,647,1.16589,1.26487
386,2018-10-05,nat,201839,201722,69,7757,617165,1572,2312,2575,,1577,710,583,1.10922,1.25688
387,2018-10-05,nat,201839,201723,68,7558,652681,1498,2456,2377,,1462,672,591,1.04387,1.15799
388,2018-10-05,nat,201839,201724,67,6636,633019,1472,2049,2099,,1346,595,547,0.905089,1.04831
389,2018-10-05,nat,201839,201725,66,6264,633619,1502,1930,1972,,1299,560,503,0.900337,0.988607
390,2018-10-05,nat,201839,201726,65,5596,581944,1424,1771,1748,,1121,489,467,0.859539,0.961605
391,2018-10-05,nat,201839,201727,64,5326,557320,1461,1728,1564,,1111,505,418,0.818831,0.955645
392,2018-10-05,nat,201839,201728,63,4961,599567,1410,1545,1578,,1004,462,372,0.752503,0.82743
393,2018-10-05,nat,201839,201729,62,4764,585207,1403,1549,1426,,918,451,420,0.7372,0.814071
394,2018-10-05,nat,201839,201730,61,4880,596493,1382,1576,1516,,953,459,376,0.733096,0.818115
395,2018-10-05,nat,201839,201731,60,4899,590414,1393,1529,1485,,1037,415,433,0.73102,0.829757
396,2018-10-05,nat,201839,201732,59,4915,593240,1390,1559,1481,,1044,441,390,0.688338,0.828501
397,2018-10-05,nat,201839,201733,58,5230,590363,1351,1603,1691,,1097,427,412,0.732049,0.885896
398,2018-10-05,nat,201839,201734,57,6682,632771,1382,1977,2556,,1261,474,414,0.911641,1.05599
399,2018-10-05,nat,201839,201735,56,7133,638196,1371,2076,2726,,1302,526,503,1.02105,1.11768
400,2018-10-05,nat,201839,201736,55,7073,621296,1386,2074,2488,,1369,587,555,1.09335,1.13843
401,2018-10-05,nat,201839,201737,54,8317,733316,1486,2375,2947,,1658,709,628,1.09515,1.13416
402,2018-10-05,nat,201839,201738,53,8566,728970,1487,2544,3075,,1625,664,658,1.09699,1.17508
403,2018-10-05,nat,201839,201739,52,9079,733519,1470,2840,3201,,1652,746,640,1.18823,1.23773
404,2019-10-04,nat,201939,201740,103,12839,1002892,2220,3849,4556,,2488,1071,875,1.26589,1.2802
405,2019-10-04,nat,201939,201741,102,13267,996595,2245,4118,4453,,2676,1073,947,1.30479,1.33123
406,2019-10-04,nat,201939,201742,101,14319,1017076,2266,4408,4993,,2805,1139,974,1.34075,1.40786
407,2019-10-04,nat,201939,201743,100,15832,1006998,2266,5006,5531,,2922,1324,1049,1.51674,1.5722
408,2019-10-04,nat,201939,201744,99,17069,1002140,2222,5219,6134,,3289,1365,1062,1.74583,1.70326
409,2019-10-04,nat,201939,201745,98,19057,1021079,2288,6126,6671,,3609,1522,1129,1.88708,1.86636
410,2019-10-04,nat,201939,201746,97,21892,1054290,2296,6880,7577,,4243,1805,1387,2.05923,2.07647
411,2019-10-04,nat,201939,201747,96,19816,848314,2271,6945,5875,,3844,1707,1445,2.27971,2.33593
412,2019-10-04,nat,201939,201748,95,23752,1057350,2279,7008,7474,,5235,2206,1829,2.28379,2.24637
413,2019-10-04,nat,201939,201749,94,24955,1000183,2272,7229,8488,,5046,2335,1857,2.58278,2.49504
414,2019-10-04,nat,201939,201750,93,31502,984283,2262,8285,11259,,6671,2955,2332,3.36558,3.2005
415,2019-10-04,nat,201939,201751,92,42782,963978,2211,10447,14166,,9856,4580,3733,4.73117,4.43807
416,2019-10-04,nat,201939,201752,91,45255,828299,2132,11335,11540,,11507,5754,5119,5.70943,5.46361
417,2019-10-04,nat,201939,201801,90,47269,882271,2243,9410,11717,,13383,6871,5888,5.74658,5.35765
418,2019-10-04,nat,201939,201802,89,56761,1027466,2257,10053,17357,,15380,7772,6199,5.89207,5.52437
419,2019-10-04,nat,201939,201803,88,63036,993431,2286,11997,21897,,16012,7569,5561,6.51759,6.34528
420,2019-10-04,nat,201939,201804,87,77326,1101807,2288,13408,30625,,18317,8911,6065,7.16338,7.01811
421,2019-10-04,nat,201939,201805,86,85985,1105078,2275,14844,37200,,19086,8915,5940,7.52133,7.7809
422,2019-10-04,nat,201939,201806,85,87825,1130397,2299,15192,38606,,19527,8626,5874,7.38748,7.76939
423,2019-10-04,nat,201939,201807,84,76210,1118800,2227,13365,32124,,17203,8079,5439,6.44688,6.81176
424,2019-10-04,nat,201939,201808,83,53025,1028116,2272,10154,20450,,12437,5805,4179,4.95881,5.15749
425,2019-10-04,nat,201939,201809,82,36064,1013191,2208,7208,13392,,8485,4104,2875,3.68612,3.55945
426,2019-10-04,nat,201939,201810,81,29133,969427,2214,6368,10850,,6485,3138,2292,3.18626,3.00518
427,2019-10-04,nat,201939,201811,80,25938,949978,2201,5588,9468,,5928,2822,2132,2.76894,2.73038
428,2019-10-04,nat,201939,201812,79,23805,960779,2180,5223,8640,,5408,2563,1971,2.48706,2.47768
429,2019-10-04,nat,201939,201813,78,20693,875658,2144,4721,7214,,4720,2295,1743,2.40802,2.36314
430,2019-10-04,nat,201939,201814,77,19074,938963,2127,4553,6218,,4459,2153,1691,2.07483,2.03139
431,2019-10-04,nat,201939,201815,76,16664,923848,2086,4145,5505,,3749,1818,1447,1.77898,1.80376
432,2019-10-04,nat,201939,201816,75,14869,936950,2112,3856,5269,,3214,1427,1103,1.61487,1.58696
433,2019-10-04,nat,201939,201817,74,14552,946160,2088,3723,5336,,3026,1371,1096,1.5385,1.53801
434,2019-10-04,nat,201939,201818,73,13291,916783,2018,3658,4815,,2604,1217,997,1.52612,1.44974
435,2019-10-04,nat,201939,201819,72,11619,909661,1933,3444,4133,,2205,935,902,1.28847,1.27729
436,2019-10-04,nat,201939,201820,71,11066,906668,1977,3359,3764,,2239,905,799,1.18344,1.22051
437,2019-10-04,nat,201939,201821,70,10646,863879,1896,3385,3429,,2082,884,866,1.24919,1.23235
438,2019-10-04,nat,201939,201822,69,9608,785606,1802,3220,2987,,1822,846,733,1.14131,1.223
439,2019-10-04,nat,201939,201823,68,8693,830040,1798,2847,2552,,1838,802,654,0.9878,1.0473
440,2019-10-04,nat,201939,201824,67,7573,774246,1753,2375,2245,,1596,699,658,0.895565,0.978113
441,2019-10-04,nat,201939,201825,66,7373,778114,1773,2312,2162,,1554,729,616,0.892204,0.947548
442,2019-10-04,nat,201939,201826,65,6947,800757,1736,2206,1916,,1530,669,626,0.877184,0.867554
443,2019-10-04,nat,201939,201827,64,6258,760130,1780,2009,1862,,1299,539,549,0.780203,0.82328
444,2019-10-04,nat,201939,201828,63,6501,842647,1785,1943,1901,,1443,627,587,0.725075,0.771497
445,2019-10-04,nat,201939,201829,62,5786,818597,1748,1741,1720,,1290,566,469,0.68247,0.706819
446,2019-10-04,nat,201939,201830,61,5497,802300,1741,1665,1643,,1202,524,463,0.640393,0.685155
447,2019-10-04,nat,201939,201831,60,5612,816468,1724,1618,1769,,1246,525,454,0.639127,0.687351
448,2019-10-04,nat,201939,201832,59,5861,796621,1690,1726,1784,,1334,541,476,0.705637,0.735733
449,2019-10-04,nat,201939,201833,58,6537,810994,1725,1986,2170,,1387,516,478,0.707801,0.806048
450,2019-10-04,nat,201939,201834,57,7323,775731,1610,2239,2468,,1492,609,515,0.822659,0.944013
451,2019-10-04,nat,201939,201835,56,8111,844807,1681,2445,2830,,1638,656,542,0.859864,0.960101
452,2019-10-04,nat,201939,201836,55,9530,835027,1710,2814,3343,,1985,767,621,1.10083,1.14128
453,2019-10-04,nat,201939,201837,54,10065,876862,1708,2773,3660,,2112,829,691,1.15323,1.14784
454,2019-10-04,nat,201939,201838,53,11189,853109,1684,3242,3949,,2347,922,729,1.20178,1.31156
455,2019-10-04,nat,201939,201839,52,11767,933130,1710,3481,4198,,2488,931,669,1.2498,1.26102
456,2020-10-02,nat,202039,201840,103,17975,1266076,2611,4887,6341,,3886,1563,1298,1.41876,1.41974
457,2020-10-02,nat,202039,201841,102,18652,1266257,2651,5332,6279,,4048,1667,1326,1.40077,1.473
458,2020-10-02,nat,202039,201842,101,19948,1254844,2623,5589,6802,,4405,1752,1400,1.47139,1.58968
459,2020-10-02,nat,202039,201843,100,21634,1256271,2678,6249,7487,,4619,1835,1444,1.63634,1.72208
460,2020-10-02,nat,202039,201844,99,23169,1258405,2666,6869,8291,,4733,1825,1451,1.79125,1.84114
461,2020-10-02,nat,202039,201845,98,24085,1249921,2672,7509,8451,,4834,1840,1451,1.86871,1.92692
462,2020-10-02,nat,202039,201846,97,24419,1171062,2665,7821,8076,,5037,1998,1487,1.98121,2.0852
463,2020-10-02,nat,202039,201847,96,24635,1026187,2618,8607,7197,,5017,2112,1702,2.23487,2.40063
464,2020-10-02,nat,202039,201848,95,29096,1296156,2666,8890,8788,,6582,2758,2078,2.14572,2.24479
465,2020-10-02,nat,202039,201849,94,28377,1233986,2658,8809,9276,,5974,2456,1862,2.25134,2.29962
466,2020-10-02,nat,202039,201850,93,33113,1212127,2650,10156,11376,,6821,2779,1981,2.6411,2.73181
467,2020-10-02,nat,202039,201851,92,38260,1180820,2596,11515,12816,,8127,3322,2480,3.13478,3.24012
468,2020-10-02,nat,202039,201852,91,44012,1052725,2581,13615,12044,,10348,4471,3534,3.96538,4.18077
469,2020-10-02,nat,202039,201901,90,42135,1160440,2630,11686,9572,,11413,5204,4260,3.45972,3.63095
470,2020-10-02,nat,202039,201902,89,38815,1237552,2656,9369,10758,,10416,4826,3446,3.07558,3.13643
471,2020-10-02,nat,202039,201903,88,41199,1225384,2658,9703,14265,,10045,4235,2951,3.3258,3.36213
472,2020-10-02,nat,202039,201904,87,46241,1191426,2677,10765,16965,,11194,4457,2860,3.79773,3.88115
473,2020-10-02,nat,202039,201905,86,55264,1222020,2668,11628,22217,,13048,5116,3255,4.34227,4.52235
474,2020-10-02,nat,202039,201906,85,69732,1340765,2673,13899,29772,,15785,6174,4102,4.86953,5.20091
475,2020-10-02,nat,202039,201907,84,70056,1292464,2655,14246,29255,,15945,6333,4277,5.03689,5.42034
476,2020-10-02,nat,202039,201908,83,66461,1260932,2655,13634,26502,,15716,6124,4485,4.8812,5.27078
477,2020-10-02,nat,202039,201909,82,58802,1281115,2658,11647,23468,,13847,5706,4134,4.54791,4.58991
478,2020-10-02,nat,202039,201910,81,55431,1260615,2637,11168,21760,,13079,5368,4056,4.3762,4.39714
479,2020-10-02,nat,202039,201911,80,53177,1288273,2646,10986,20081,,12580,5353,4177,4.22692,4.12777
480,2020-10-02,nat,202039,201912,79,45668,1303765,2653,9721,16800,,10717,4532,3898,3.68251,3.50278
481,2020-10-02,nat,202039,201913,78,37948,1244935,2619,8644,13642,,8656,3811,3195,3.08559,3.04819
482,2020-10-02,nat,202039,201914,77,32941,1229217,2620,7606,11768,,7491,3274,2802,2.69831,2.67984
483,2020-10-02,nat,202039,201915,76,27854,1229148,2568,6754,10005,,6208,2568,2319,2.28676,2.26612
484,2020-10-02,nat,202039,201916,75,23147,1178058,2542,6325,7904,,4934,2108,1876,2.01217,1.96484
485,2020-10-02,nat,202039,201917,74,20610,1196855,2516,5698,6621,,4553,2000,1738,1.71323,1.72201
486,2020-10-02,nat,202039,201918,73,18864,1199386,2485,5369,6207,,4084,1667,1537,1.56678,1.5728
487,2020-10-02,nat,202039,201919,72,17107,1173980,2444,4789,5906,,3574,1480,1358,1.49827,1.45718
488,2020-10-02,nat,202039,201920,71,16459,1094840,2336,4649,5530,,3482,1437,1361,1.49961,1.50332
489,2020-10-02,nat,202039,201921,70,15763,1123869,2224,4601,5234,,3214,1347,1367,1.42123,1.40257
490,2020-10-02,nat,202039,201922,69,14776,1052737,2196,4442,4660,,3094,1279,1301,1.39258,1.40358
491,2020-10-02,nat,202039,201923,68,13451,1086961,2258,3937,4115,,2952,1242,1205,1.21697,1.23749
492,2020-10-02,nat,202039,201924,67,12106,1079343,2206,3506,3741,,2729,1051,1079,1.11266,1.12161
493,2020-10-02,nat,202039,201925,66,10695,1056024,2159,3056,3288,,2425,998,928,0.991888,1.01276
494,2020-10-02,nat,202039,201926,65,10027,1044732,2084,2955,3117,,2183,910,862,0.946401,0.959768
495,2020-10-02,nat,202039,201927,64,8722,992358,2154,2512,2726,,1911,797,776,0.874695,0.878917
496,2020-10-02,nat,202039,201928,63,8425,1060841,2111,2346,2661,,1882,799,737,0.809169,0.794181
497,2020-10-02,nat,202039,201929,62,8116,1058986,2154,2222,2571,,1862,757,704,0.75452,0.766394
498,2020-10-02,nat,202039,201930,61,7787,1040191,2140,2138,2466,,1805,763,615,0.732983,0.748613
499,2020-10-02,nat,202039,201931,60,7884,1041320,2151,2354,2438,,1830,658,604,0.725811,0.757116
500,2020-10-02,nat,202039,201932,59,8060,1046625,2167,2102,2392,,2042,766,758,0.754209,0.770094
501,2020-10-02,nat,202039,201933,58,8994,1079056,2200,2634,2831,,2047,788,694,0.729672,0.833506
502,2020-10-02,nat,202039,201934,57,10103,1074399,2170,2911,3503,,2211,762,716,0.839875,0.94034
503,2020-10-02,nat,202039,201935,56,11904,1100212,2193,3428,4244,,2559,896,777,0.989358,1.08197
504,2020-10-02,nat,202039,201936,55,13188,1097022,2217,3810,4548,,2927,1033,870,1.1354,1.20216
505,2020-10-02,nat,202039,201937,54,14843,1166071,2247,3912,5502,,3297,1173,959,1.23124,1.27291
506,2020-10-02,nat,202039,201938,53,16001,1152730,2224,4469,5678,,3577,1251,1026,1.24448,1.3881
507,2020-10-02,nat,202039,201939,52,17453,1167311,2211,4981,6121,,3882,1368,1101,1.3379,1.49515
508,2021-10-08,nat,202139,201940,104,21916,1458307,2912,6219,7658,,4827,1764,1448,1.49002,1.50284
509,2021-10-08,nat,202139,201941,103,22954,1436748,2942,6550,7638,,5148,2015,1603,1.59192,1.59764
510,2021-10-08,nat,202139,201942,102,24886,1430800,2966,7287,8292,,5548,2110,1649,1.72572,1.73931
511,2021-10-08,nat,202139,201943,101,27419,1473831,2997,7892,9349,,6080,2305,1793,1.83419,1.86039
512,2021-10-08,nat,202139,201944,100,28910,1435369,3005,8658,10068,,6143,2279,1762,2.04008,2.01412
513,2021-10-08,nat,202139,201945,99,34586,1463253,3022,10557,12551,,7182,2453,1843,2.39351,2.36364
514,2021-10-08,nat,202139,201946,98,37732,1426928,2991,11446,13671,,7905,2741,1969,2.63251,2.64428
515,2021-10-08,nat,202139,201947,97,44161,1484969,2987,12716,17058,,9138,3101,2148,2.89941,2.97387
516,2021-10-08,nat,202139,201948,96,44044,1275199,2993,14444,14821,,9209,3199,2371,3.41501,3.45389
517,2021-10-08,nat,202139,201949,95,48904,1476208,2995,13852,16397,,11947,3929,2779,3.2579,3.31281
518,2021-10-08,nat,202139,201950,94,56444,1458774,2958,14728,21877,,12822,4114,2903,3.94308,3.86928
519,2021-10-08,nat,202139,201951,93,71594,1424436,2926,18001,29182,,16227,4835,3349,5.06435,5.02613
520,2021-10-08,nat,202139,201952,92,95757,1338669,2917,24097,34004,,24617,7638,5401,7.06161,7.15315
521,2021-10-08,nat,202139,202001,91,88731,1426691,2970,21594,23392,,27655,9209,6881,5.90066,6.21936
522,2021-10-08,nat,202139,202002,90,75614,1492251,3002,15564,22756,,23634,8196,5464,4.9402,5.06711
523,2021-10-08,nat,202139,202003,89,79783,1489132,2995,16587,29668,,21413,7386,4729,5.33135,5.35768
524,2021-10-08,nat,202139,202004,88,90150,1496826,2997,18574,35275,,23658,7973,4670,6.07822,6.02274
525,2021-10-08,nat,202139,202005,87,108307,1575900,2995,20299,44117,,28889,9527,5475,6.74724,6.87271
526,2021-10-08,nat,202139,202006,86,111361,1571657,3005,20270,45513,,29823,10049,5706,6.80157,7.08558
527,2021-10-08,nat,202139,202007,85,95418,1533883,2969,17393,36909,,26428,9231,5457,6.11292,6.22068
528,2021-10-08,nat,202139,202008,84,80559,1433517,2984,15330,28531,,23189,8320,5189,5.52513,5.61968
529,2021-10-08,nat,202139,202009,83,74823,1466346,2947,13820,25490,,22127,8276,5110,5.12333,5.10268
530,2021-10-08,nat,202139,202010,82,78779,1489410,2913,13888,26396,,23906,8891,5698,5.26652,5.28928
531,2021-10-08,nat,202139,202011,81,89607,1425172,2847,14154,27756,,29667,11334,6696,5.66932,6.28745
532,2021-10-08,nat,202139,202012,80,78584,1068755,2810,10790,17512,,30818,12478,6986,6.38029,7.35285
533,2021-10-08,nat,202139,202013,79,53142,853431,2738,5129,8322,,22408,10825,6458,4.91692,6.22687
534,2021-10-08,nat,202139,202014,78,36251,750546,2696,2359,4852,,14964,8696,5380,3.78625,4.82995
535,2021-10-08,nat,202139,202015,77,24974,718953,2698,1496,3426,,9995,6043,4014,2.80122,3.47366
536,2021-10-08,nat,202139,202016,76,18274,709970,2679,1068,2667,,7427,4184,2928,2.12907,2.57391
537,2021-10-08,nat,202139,202017,75,15164,750576,2663,926,2317,,6339,3289,2293,1.73315,2.02032
538,2021-10-08,nat,202139,202018,74,12821,790883,2635,864,2098,,5292,2670,1897,1.40939,1.6211
539,2021-10-08,nat,202139,202019,73,11058,817791,2624,720,1883,,4588,2243,1624,1.18657,1.35218
540,2021-10-08,nat,202139,202020,72,10480,846493,2613,788,1960,,4112,2171,1449,1.11444,1.23805
541,2021-10-08,nat,202139,202021,71,11416,1059901,2963,900,2221,,4463,2208,1624,1.00711,1.07708
542,2021-10-08,nat,202139,202022,70,9605,1082074,2946,805,1893,,3568,1878,1461,0.889878,0.887647
543,2021-10-08,nat,202139,202023,69,9318,1134988,2925,801,1967,,3437,1704,1409,0.815858,0.820978
544,2021-10-08,nat,202139,202024,68,9572,1174543,2899,878,2139,,3452,1725,1378,0.837779,0.814955
545,2021-10-08,nat,202139,202025,67,11866,1247096,2935,1005,2679,,4709,2001,1472,0.929189,0.951491
546,2021-10-08,nat,202139,202026,66,15490,1287264,2892,1212,3487,,6240,2649,1902,1.13871,1.20333
547,2021-10-08,nat,202139,202027,65,17826,1287401,2888,1394,3965,,7027,3218,2222,1.27591,1.38465
548,2021-10-08,nat,202139,202028,64,20043,1360037,2913,1544,4092,,8011,3764,2632,1.34978,1.47371
549,2021-10-08,nat,202139,202029,63,19250,1338613,2887,1657,4070,,7522,3565,2436,1.34436,1.43806
550,2021-10-08,nat,202139,202030,62,16523,1355190,2948,1634,3554,,6101,3089,2145,1.22126,1.21924
551,2021-10-08,nat,202139,202031,61,15514,1346820,2986,1608,3493,,5705,2594,2114,1.15381,1.1519
552,2021-10-08,nat,202139,202032,60,14103,1333292,2945,1570,3268,,4974,2360,1931,1.0649,1.05776
553,2021-10-08,nat,202139,202033,59,13131,1338686,2965,1587,3141,,4482,2166,1755,0.979173,0.980887
554,2021-10-08,nat,202139,202034,58,12900,1344069,2923,1804,3263,,4285,1888,1660,0.967664,0.959772
555,2021-10-08,nat,202139,202035,57,13138,1351058,2957,1864,3942,,4026,1819,1487,1.00158,0.972423
556,2021-10-08,nat,202139,202036,56,12232,1336359,2907,1766,3574,,3738,1686,1468,0.917339,0.915323
557,2021-10-08,nat,202139,202037,55,13001,1326890,2894,1995,3806,,3969,1790,1441,1.02954,0.97981
558,2021-10-08,nat,202139,202038,54,13005,1359239,2921,2068,3609,,4057,1788,1483,0.975797,0.956785
559,2021-10-08,nat,202139,202039,53,14457,1397083,2919,2273,4311,,4385,1930,1558,1.0586,1.0348
560,2022-10-07,nat,202239,202040,104,16570,1542071,3332,2467,4748,,5122,2376,1857,1.0872,1.07453
561,2022-10-07,nat,202239,202041,103,19194,1619788,3373,2562,5258,,6035,3012,2327,1.20898,1.18497
562,2022-10-07,nat,202239,202042,102,17281,1584807,3351,2316,4631,,5674,2554,2106,1.10874,1.09042
563,2022-10-07,nat,202239,202043,101,18187,1582393,3377,2457,4852,,5864,2834,2180,1.18588,1.14934
564,2022-10-07,nat,202239,202044,100,18612,1566538,3471,2515,4924,,6101,2770,2302,1.25,1.1881
565,2022-10-07,nat,202239,202045,99,21410,1603163,3470,2727,5837,,7094,3291,2461,1.43782,1.33548
566,2022-10-07,nat,202239,202046,98,22623,1641763,3436,2776,5549,,7686,3736,2876,1.48426,1.37797
567,2022-10-07,nat,202239,202047,97,22722,1592518,3376,2693,5342,,7829,3960,2898,1.54717,1.4268
568,2022-10-07,nat,202239,202048,96,21320,1425127,3378,2485,4585,,7094,3962,3194,1.60668,1.49601
569,2022-10-07,nat,202239,202049,95,22305,1539568,3382,2604,4875,,7698,3988,3140,1.56586,1.44878
570,2022-10-07,nat,202239,202050,94,22219,1554103,3400,2567,4726,,7530,4073,3323,1.52073,1.4297
571,2022-10-07,nat,202239,202051,93,20886,1493692,3340,2482,4282,,7131,3846,3145,1.50659,1.39828
572,2022-10-07,nat,202239,202052,92,19852,1362314,3343,2323,3564,,6632,3925,3408,1.55413,1.45723
573,2022-10-07,nat,202239,202053,91,22436,1458493,3322,2585,3934,,7729,4520,3668,1.5907,1.5383
574,2022-10-07,nat,202239,202101,90,22720,1583355,3358,2414,4549,,7979,4363,3415,1.47569,1.43493
575,2022-10-07,nat,202239,202102,89,19194,1518947,3332,2380,4056,,6402,3525,2831,1.29196,1.26364
576,2022-10-07,nat,202239,202103,88,18353,1515597,3356,2566,4056,,5878,3311,2542,1.25191,1.21094
577,2022-10-07,nat,202239,202104,87,16910,1506379,3367,2560,3955,,5345,2810,2240,1.10337,1.12256
578,2022-10-07,nat,202239,202105,86,16101,1488119,3337,2636,4015,,4996,2527,1927,1.16554,1.08197
579,2022-10-07,nat,202239,202106,85,14108,1447245,3288,2557,3736,,4103,2136,1576,1.00745,0.974818
580,2022-10-07,nat,202239,202107,84,12602,1388655,3297,2320,3146,,3710,1922,1504,0.986987,0.907497
581,2022-10-07,nat,202239,202108,83,13347,1551120,3318,2544,3541,,3841,1900,1521,0.862967,0.860475
582,2022-10-07,nat,202239,202109,82,13017,1544694,3319,2773,3544,,3536,1813,1351,0.82875,0.842691
583,2022-10-07,nat,202239,202110,81,14098,1560517,3325,3220,3811,,3785,1906,1376,0.883305,0.903419
584,2022-10-07,nat,202239,202111,80,14580,1551754,3268,3515,3856,,3940,1909,1360,0.90874,0.939582
585,2022-10-07,nat,202239,202112,79,15359,1599523,3242,3817,3915,,4216,2057,1354,0.948022,0.960224
586,2022-10-07,nat,202239,202113,78,15994,1602603,3301,4116,4089,,4395,2129,1265,0.974936,0.998001
587,2022-10-07,nat,202239,202114,77,18148,1683278,3323,4740,4692,,5062,2290,1364,1.06411,1.07813
588,2022-10-07,nat,202239,202115,76,19177,1729037,3324,5227,4909,,5292,2364,1385,1.08168,1.10911
589,2022-10-07,nat,202239,202116,75,19313,1679142,3290,5764,5095,,4859,2143,1452,1.10339,1.15017
590,2022-10-07,nat,202239,202117,74,20134,1702520,3303,6335,5517,,4818,2045,1419,1.13164,1.1826
591,2022-10-07,nat,202239,202118,73,19937,1649771,3272,6822,5403,,4620,1803,1289,1.1483,1.20847
592,2022-10-07,nat,202239,202119,72,20373,1623653,3255,7366,5492,,4364,1843,1308,1.19144,1.25476
593,2022-10-07,nat,202239,202120,71,21266,1683332,3233,8352,5414,,4421,1745,1334,1.24686,1.26333
594,2022-10-07,nat,202239,202121,70,19685,1652632,3184,7953,4967,,3990,1596,1179,1.14576,1.19113
595,2022-10-07,nat,202239,202122,69,20152,1610198,3182,8502,4856,,3978,1576,1240,1.18405,1.25152
596,2022-10-07,nat,202239,202123,68,19188,1675241,3148,8097,4646,,3692,1528,1225,1.12999,1.14539
597,2022-10-07,nat,202239,202124,67,19672,1659980,3107,8536,4619,,3805,1515,1197,1.19103,1.18507
598,2022-10-07,nat,202239,202125,66,19896,1644041,3093,8514,4611,,3815,1652,1304,1.21258,1.21019
599,2022-10-07,nat,202239,202126,65,20103,1657572,3092,8369,4757,,4006,1678,1293,1.2132,1.2128
600,2022-10-07,nat,202239,202127,64,22376,1683488,3094,8719,5310,,4860,1978,1509,1.26708,1.32915
601,2022-10-07,nat,202239,202128,63,25263,1751226,3103,9193,5930,,6030,2400,1710,1.38688,1.44259
602,2022-10-07,nat,202239,202129,62,30554,1787598,3102,10372,7171,,7962,2899,2150,1.64767,1.70922
603,2022-10-07,nat,202239,202130,61,35221,1844702,3088,11144,8575,,9254,3618,2630,1.799,1.90931
604,2022-10-07,nat,202239,202131,60,37762,1840212,3085,11102,8901,,10547,4328,2884,1.94947,2.05205
605,2022-10-07,nat,202239,202132,59,40069,1859035,3079,11264,10105,,11227,4556,2917,2.03512,2.15537
606,2022-10-07,nat,202239,202133,58,42753,1856032,3071,11809,12282,,11022,4744,2896,2.19023,2.30346
607,2022-10-07,nat,202239,202134,57,43062,1866295,3066,11982,13529,,10384,4341,2826,2.23843,2.30735
608,2022-10-07,nat,202239,202135,56,40878,1814941,3067,11745,13057,,9562,3889,2625,2.26655,2.2523
609,2022-10-07,nat,202239,202136,55,39438,1782067,3057,11711,12253,,9090,3738,2646,2.21303,2.21305
610,2022-10-07,nat,202239,202137,54,36222,1806283,3095,11254,11583,,7783,3296,2306,2.04664,2.00533
611,2022-10-07,nat,202239,202138,53,34019,1756033,3076,10928,11397,,6861,2768,2065,1.9014,1.93726
612,2022-10-07,nat,202239,202139,52,30002,1628298,2919,10142,10065,,5638,2320,1837,1.84504,1.84254
613,2023-10-06,nat,202339,202140,103,39606,2016770,3590,13160,13177,,7483,3206,2580,2.03726,1.96383
614,2023-10-06,nat,202339,202141,102,37639,1975130,3580,13073,11987,,7121,2973,2485,1.94864,1.90565
615,2023-10-06,nat,202339,202142,101,35684,1918446,3538,12494,11448,,6452,2940,2350,1.92538,1.86005
616,2023-10-06,nat,202339,202143,100,36616,1934216,3572,12858,11881,,6669,2850,2358,1.9789,1.89307
617,2023-10-06,nat,202339,202144,99,39986,1917029,3578,13295,14444,,6961,2918,2368,2.1334,2.08583
618,2023-10-06,nat,202339,202145,98,44242,1989010,3601,14559,15933,,7836,3190,2724,2.25788,2.22432
619,2023-10-06,nat,202339,202146,97,47047,1996913,3591,14735,17350,,8519,3635,2808,2.41079,2.35599
620,2023-10-06,nat,202339,202147,96,43297,1762035,3584,14913,13394,,8173,3715,3102,2.51762,2.45722
621,2023-10-06,nat,202339,202148,95,52671,2056405,3608,15161,17338,,11287,4880,4005,2.55244,2.56131
622,2023-10-06,nat,202339,202149,94,55027,2026604,3613,14968,19950,,11367,4856,3886,2.72476,2.71523
623,2023-10-06,nat,202339,202150,93,62539,2018579,3584,16285,23449,,13614,5230,3961,3.14645,3.09817
624,2023-10-06,nat,202339,202151,92,79184,1941911,3564,18514,25049,,22550,7767,5304,4.00686,4.07763
625,2023-10-06,nat,202339,202152,91,113921,2246767,3532,24118,28970,,38319,13517,8997,4.90468,5.07044
626,2023-10-06,nat,202339,202201,90,93323,2179176,3562,17048,24806,,31466,12064,7939,4.32906,4.28249
627,2023-10-06,nat,202339,202202,89,69158,2025052,3568,12222,20205,,21822,8731,6178,3.5344,3.41512
628,2023-10-06,nat,202339,202203,88,48685,1811493,3573,9526,13305,,15080,6219,4555,2.82024,2.68756
629,2023-10-06,nat,202339,202204,87,34720,1763472,3554,7300,9503,,9847,4562,3508,2.06558,1.96884
630,2023-10-06,nat,202339,202205,86,25809,1655407,3488,6083,7740,,6418,3016,2552,1.68092,1.55907
631,2023-10-06,nat,202339,202206,85,23719,1771418,3548,6395,7604,,5166,2401,2153,1.44022,1.33898
632,2023-10-06,nat,202339,202207,84,23930,1746548,3545,6915,8497,,4640,2080,1798,1.48974,1.37013
633,2023-10-06,nat,202339,202208,83,23620,1725348,3546,7065,8336,,4638,1814,1767,1.46266,1.369
634,2023-10-06,nat,202339,202209,82,25789,1812738,3541,7422,9827,,5004,1862,1674,1.58728,1.42265
635,2023-10-06,nat,202339,202210,81,28073,1815454,3563,8209,11091,,5054,1949,1770,1.70339,1.54633
636,2023-10-06,nat,202339,202211,80,31342,1867703,3535,9041,12118,,5909,2199,2075,1.83335,1.6781
637,2023-10-06,nat,202339,202212,79,32433,1873589,3531,9306,12647,,5974,2337,2169,1.87057,1.73106
638,2023-10-06,nat,202339,202213,78,34811,1877763,3518,9612,13658,,6754,2382,2405,1.97612,1.85385
639,2023-10-06,nat,202339,202214,77,38128,1912563,3526,10560,15181,,7268,2571,2548,2.07126,1.99356
640,2023-10-06,nat,202339,202215,76,40953,1923288,3518,11334,16092,,7834,2865,2828,2.16302,2.12932
641,2023-10-06,nat,202339,202216,75,42072,1927606,3530,11732,15745,,8310,3170,3115,2.20418,2.1826
642,2023-10-06,nat,202339,202217,74,44980,2033467,3520,12656,16956,,8682,3350,3336,2.24681,2.21199
643,2023-10-06,nat,202339,202218,73,47787,1979594,3442,12834,18627,,9398,3607,3321,2.3613,2.41398
644,2023-10-06,nat,202339,202219,72,53380,2061117,3465,14818,20490,,10334,3886,3852,2.48314,2.58986
645,2023-10-06,nat,202339,202220,71,54062,2076213,3449,15053,20742,,10453,3980,3834,2.45354,2.60388
646,2023-10-06,nat,202339,202221,70,53992,2038685,3409,15267,20530,,10405,4075,3715,2.39624,2.64837
647,2023-10-06,nat,202339,202222,69,51879,1961919,3381,15815,17513,,10585,4063,3903,2.4335,2.6443
648,2023-10-06,nat,202339,202223,68,45240,1972798,3373,14154,13726,,9654,3941,3765,2.16334,2.29319
649,2023-10-06,nat,202339,202224,67,40250,1940774,3335,12858,11205,,8941,3665,3581,1.98842,2.07391
650,2023-10-06,nat,202339,202225,66,37830,1972377,3387,11865,9933,,8676,3736,3620,1.87678,1.91799
651,2023-10-06,nat,202339,202226,65,34570,1918841,3267,11066,8513,,8006,3524,3461,1.80274,1.80161
652,2023-10-06,nat,202339,202227,64,34995,1951308,3379,10585,8593,,8382,3699,3736,1.81978,1.79341
653,2023-10-06,nat,202339,202228,63,33011,1978336,3346,9525,8111,,8324,3546,3505,1.67886,1.66862
654,2023-10-06,nat,202339,202229,62,32613,1980449,3348,9361,8116,,8219,3485,3432,1.65939,1.64675
655,2023-10-06,nat,202339,202230,61,32040,1944269,3323,9153,7859,,8056,3485,3487,1.67083,1.64792
656,2023-10-06,nat,202339,202231,60,29647,1958644,3346,8661,7477,,7297,3105,3107,1.52259,1.51365
657,2023-10-06,nat,202339,202232,59,28923,1910699,3285,8392,7907,,6892,2828,2904,1.50755,1.51374
658,2023-10-06,nat,202339,202233,58,31572,1949974,3329,9479,9934,,6659,2819,2681,1.60507,1.6191
659,2023-10-06,nat,202339,202234,57,35788,1977251,3318,10793,12593,,7079,2730,2593,1.83793,1.80999
660,2023-10-06,nat,202339,202235,56,37529,1980457,3299,11526,13893,,6987,2671,2452,1.96433,1.89497
661,2023-10-06,nat,202339,202236,55,38334,1967653,3324,12548,13475,,6978,2701,2632,2.02422,1.94821
662,2023-10-06,nat,202339,202237,54,39760,2017659,3350,13400,14579,,6735,2606,2440,2.0351,1.9706
663,2023-10-06,nat,202339,202238,53,44666,2032523,3361,15938,16694,,6906,2648,2480,2.28352,2.19756
664,2023-10-06,nat,202339,202239,52,46154,2013977,3383,17047,16768,,6911,2784,2644,2.36029,2.29168
665,2024-10-04,nat,202439,202240,103,57318,2209814,3684,18503,20141,,10718,4094,3862,2.61257,2.59379
666,2024-10-04,nat,202439,202241,102,63388,2223106,3720,20623,22779,,11519,4394,4073,3.00763,2.85133
667,2024-10-04,nat,202439,202242,101,75615,2279700,3726,23713,28368,,13719,5303,4512,3.31975,3.31688
668,2024-10-04,nat,202439,202243,100,109496,2462467,3788,32012,45003,,19586,7037,5858,4.3682,4.4466
669,2024-10-04,nat,202439,202244,99,139247,2510305,3776,37474,61015,,25460,8469,6829,5.42144,5.54702
670,2024-10-04,nat,202439,202245,98,140055,2468962,3793,38651,57053,,26941,9791,7619,5.73522,5.67263
671,2024-10-04,nat,202439,202246,97,137419,2396019,3777,34849,55229,,28672,10171,8498,5.91793,5.73531
672,2024-10-04,nat,202439,202247,96,164936,2237505,3765,39539,62925,,36157,13876,12439,7.42531,7.37142
673,2024-10-04,nat,202439,202248,95,185673,2564503,3767,38495,63623,,48042,18626,16887,7.21822,7.24012
674,2024-10-04,nat,202439,202249,94,167248,2448985,3750,32316,62563,,40778,16557,15034,6.87034,6.82928
675,2024-10-04,nat,202439,202250,93,151672,2347026,3751,28976,55613,,38007,15506,13570,6.29772,6.46231
676,2024-10-04,nat,202439,202251,92,129978,2116491,3715,25500,41624,,34587,14564,13703,6.00293,6.1412
677,2024-10-04,nat,202439,202252,91,112531,2058533,3703,22891,27251,,31974,14961,15454,5.33838,5.46656
678,2024-10-04,nat,202439,202301,90,92034,2257219,3740,16651,21006,,27662,13549,13166,3.93482,4.07732
679,2024-10-04,nat,202439,202302,89,67720,2214718,3737,12231,18061,,19912,9135,8381,2.94553,3.05773
680,2024-10-04,nat,202439,202303,88,57770,2134322,3730,11720,16915,,15844,7000,6291,2.63811,2.70671
681,2024-10-04,nat,202439,202304,87,58231,2179097,3716,12170,18680,,15618,6410,5353,2.62522,2.67225
682,2024-10-04,nat,202439,202305,86,59326,2208786,3734,12686,19751,,15506,6113,5270,2.58477,2.68591
683,2024-10-04,nat,202439,202306,85,62258,2301891,3735,13271,20964,,15921,6469,5633,2.59148,2.70465
684,2024-10-04,nat,202439,202307,84,59665,2262519,3695,13127,19818,,15055,6263,5402,2.5701,2.6371
685,2024-10-04,nat,202439,202308,83,57223,2212367,3719,13478,18410,,13880,6054,5401,2.52707,2.58651
686,2024-10-04,nat,202439,202309,82,55682,2278801,3725,12693,18281,,13849,5769,5090,2.40469,2.44348
687,2024-10-04,nat,202439,202310,81,54686,2274369,3722,12840,18388,,13379,5365,4714,2.3571,2.40445
688,2024-10-04,nat,202439,202311,80,54263,2228243,3713,13086,17814,,13264,5298,4801,2.3545,2.43524
689,2024-10-04,nat,202439,202312,79,55394,2295244,3665,13043,18685,,13685,5286,4695,2.31096,2.41343
690,2024-10-04,nat,202439,202313,78,53342,2270922,3688,12413,18078,,13208,5005,4638,2.25771,2.34891
691,2024-10-04,nat,202439,202314,77,48355,2191695,3680,11586,15673,,11976,4783,4337,2.12953,2.20628
692,2024-10-04,nat,202439,202315,76,46725,2254413,3665,11151,14832,,11853,4552,4337,2.01047,2.0726
693,2024-10-04,nat,202439,202316,75,44507,2277306,3680,9912,14788,,11388,4361,4058,1.90776,1.95437
694,2024-10-04,nat,202439,202317,74,44802,2270577,3677,10041,15803,,11176,4133,3649,1.90393,1.97315
695,2024-10-04,nat,202439,202318,73,45582,2259439,3652,10013,16115,,11224,4283,3947,1.93608,2.0174
696,2024-10-04,nat,202439,202319,72,45769,2295923,3654,10187,16725,,11067,4072,3718,1.90846,1.99349
697,2024-10-04,nat,202439,202320,71,43287,2201602,3653,9740,15517,,10697,3875,3458,1.88236,1.96616
698,2024-10-04,nat,202439,202321,70,41516,2169098,3518,9389,14611,,10386,3640,3490,1.83328,1.91398
699,2024-10-04,nat,202439,202322,69,41589,2145684,3601,9568,14220,,10413,3845,3543,1.83857,1.93826
700,2024-10-04,nat,202439,202323,68,36939,2182091,3583,8309,11628,,9954,3622,3426,1.57748,1.69283
701,2024-10-04,nat,202439,202324,67,33880,2151633,3589,7741,10223,,9289,3447,3180,1.48614,1.57462
702,2024-10-04,nat,202439,202325,66,30889,2139112,3582,6998,8941,,8727,3236,2987,1.36472,1.44401
703,2024-10-04,nat,202439,202326,65,28486,2151758,3539,6388,8012,,8130,3046,2910,1.27095,1.32385
704,2024-10-04,nat,202439,202327,64,26648,2064286,3569,5944,7475,,7472,2940,2817,1.22553,1.29091
705,2024-10-04,nat,202439,202328,63,25903,2155400,3542,5608,7043,,7567,2925,2760,1.15793,1.20177
706,2024-10-04,nat,202439,202329,62,25802,2163359,3560,5718,6836,,7476,2931,2841,1.12685,1.19268
707,2024-10-04,nat,202439,202330,61,26417,2146245,3551,5812,7046,,7475,3137,2947,1.16805,1.23085
708,2024-10-04,nat,202439,202331,60,26896,2132922,3542,5678,6966,,7979,3273,3000,1.20299,1.26099
709,2024-10-04,nat,202439,202332,59,29313,2156467,3521,5982,7764,,8642,3560,3365,1.27357,1.35931
710,2024-10-04,nat,202439,202333,58,33663,2186399,3533,6688,9759,,9791,3784,3641,1.44821,1.53965
711,2024-10-04,nat,202439,202334,57,40979,2243946,3524,8234,13151,,11256,4300,4038,1.70391,1.8262
712,2024-10-04,nat,202439,202335,56,44411,2245988,3537,8980,14664,,11792,4630,4345,1.93305,1.97735
713,2024-10-04,nat,202439,202336,55,44734,2209523,3538,9546,14159,,11819,4621,4589,2.00204,2.0246
714,2024-10-04,nat,202439,202337,54,45287,2274050,3558,9485,14904,,11798,4699,4401,1.94047,1.99147
715,2024-10-04,nat,202439,202338,53,48265,2261308,3558,10912,16162,,11970,4711,4510,2.03761,2.13438
716,2024-10-04,nat,202439,202339,52,49269,2260617,3552,11376,16110,,12299,4934,4550,2.08992,2.17945
717,2025-09-26,nat,202538,202340,102,56309,2489991,4103,13519,19001,,13441,5294,5054,2.27908,2.26141
718,2025-09-26,nat,202538,202341,101,57503,2484429,4124,14419,18593,,13964,5431,5096,2.33755,2.31454
719,2025-09-26,nat,202538,202342,100,62457,2482069,4105,15704,20290,,14454,5814,6195,2.52242,2.51633
720,2025-09-26,nat,202538,202343,99,67774,2523186,4135,16986,22514,,15480,6082,6712,2.71275,2.68605
721,2025-09-26,nat,202538,202344,98,72208,2477704,4126,17793,24797,,16585,6337,6696,2.94538,2.91431
722,2025-09-26,nat,202538,202345,97,85458,2567706,4122,21464,29463,,19331,7439,7761,3.40957,3.32818
723,2025-09-26,nat,202538,202346,96,90973,2544844,4129,22031,30863,,21568,8086,8425,3.6903,3.5748
724,2025-09-26,nat,202538,202347,95,85522,2255831,4141,22396,25939,,20391,8378,8418,3.92958,3.79115
725,2025-09-26,nat,202538,202348,94,103664,2616442,4111,22638,30346,,28337,11136,11207,4.03334,3.96202
726,2025-09-26,nat,202538,202349,93,114169,2619366,4073,23367,38203,,29030,12200,11369,4.38382,4.35865
727,2025-09-26,nat,202538,202350,92,136079,2611355,4093,26102,48365,,35036,14003,12573,5.18426,5.21105
728,2025-09-26,nat,202538,202351,91,163310,2586137,4062,29797,53504,,45268,18114,16627,6.23157,6.31482
729,2025-09-26,nat,202538,202352,90,166197,2405363,4043,31368,41682,,49904,21635,21608,6.7962,6.90944
730,2025-09-26,nat,202538,202401,89,143950,2497365,4078,24691,32324,,47024,20529,19382,5.71536,5.76408
