date,flu symptoms,fever,shortness of breath
2009-12-27,20,41,3
2010-01-03,16,43,2
2010-01-10,14,47,2
2010-01-17,13,44,3
2010-01-24,11,50,3
2010-01-31,10,47,2
2010-02-07,10,49,3
2010-02-14,9,51,3
2010-02-21,8,50,3
2010-02-28,8,50,3
2010-03-07,7,48,3
2010-03-14,7,48,3
2010-03-21,5,50,3
2010-03-28,5,46,3
2010-04-04,5,47,3
2010-04-11,4,48,2
2010-04-18,4,49,2
2010-04-25,4,50,2
2010-05-02,4,53,2
2010-05-09,3,48,3
2010-05-16,3,49,3
2010-05-23,3,49,2
2010-05-30,3,43,3
2010-06-06,3,43,3
2010-06-13,3,42,2
2010-06-20,3,43,3
2010-06-27,2,41,3
2010-07-04,3,44,3
2010-07-11,2,47,2
2010-07-18,2,46,2
2010-07-25,2,45,2
2010-08-01,2,46,3
2010-08-08,3,45,3
2010-08-15,2,44,2
2010-08-22,3,45,2
2010-08-29,3,45,2
2010-09-05,4,47,2
2010-09-12,4,47,2
2010-09-19,4,44,2
2010-09-26,5,47,2
2010-10-03,6,45,2
2010-10-10,6,45,2
2010-10-17,6,48,2
2010-10-24,6,46,3
2010-10-31,6,77,2
2010-11-07,7,48,2
2010-11-14,7,48,2
2010-11-21,6,44,2
2010-11-28,7,47,2
2010-12-05,7,47,2
2010-12-12,8,49,2
2010-12-19,9,50,2
2010-12-26,11,54,2
2011-01-02,14,58,3
2011-01-09,11,59,2
2011-01-16,13,61,3
2011-01-23,14,70,3
2011-01-30,15,71,3
2011-02-06,15,72,3
2011-02-13,16,83,3
2011-02-20,13,76,3
2011-02-27,11,70,3
2011-03-06,9,64,3
2011-03-13,8,65,3
2011-03-20,7,65,3
2011-03-27,6,64,3
2011-04-03,5,61,3
2011-04-10,5,59,3
2011-04-17,4,57,3
2011-04-24,4,54,3
2011-05-01,4,55,3
2011-05-08,3,57,3
2011-05-15,3,56,3
2011-05-22,3,55,3
2011-05-29,3,55,3
2011-06-05,3,60,3
2011-06-12,3,54,3
2011-06-19,3,53,3
2011-06-26,3,53,3
2011-07-03,2,52,3
2011-07-10,2,49,3
2011-07-17,2,52,3
2011-07-24,2,49,3
2011-07-31,2,50,3
2011-08-07,3,47,3
2011-08-14,3,47,3
2011-08-21,3,46,3
2011-08-28,3,49,3
2011-09-04,4,50,3
2011-09-11,5,54,3
2011-09-18,6,54,3
2011-09-25,7,57,3
2011-10-02,7,53,3
2011-10-09,7,52,3
2011-10-16,8,54,3
2011-10-23,8,51,3
2011-10-30,8,54,3
2011-11-06,8,53,3
2011-11-13,8,60,3
2011-11-20,7,50,3
2011-11-27,8,54,3
2011-12-04,8,53,2
2011-12-11,8,54,2
2011-12-18,8,54,3
2011-12-25,10,55,3
2012-01-01,10,59,3
2012-01-08,8,60,3
2012-01-15,8,58,3
2012-01-22,9,57,3
2012-01-29,9,61,3
2012-02-05,9,62,3
2012-02-12,9,63,3
2012-02-19,10,63,3
2012-02-26,9,61,3
2012-03-04,9,69,3
2012-03-11,9,63,3
2012-03-18,8,64,3
2012-03-25,6,58,3
2012-04-01,6,60,3
2012-04-08,6,64,3
2012-04-15,5,65,3
2012-04-22,5,57,3
2012-04-29,5,60,3
2012-05-06,4,58,3
2012-05-13,4,60,3
2012-05-20,4,61,3
2012-05-27,4,58,3
2012-06-03,4,58,3
2012-06-10,4,58,3
2012-06-17,3,56,3
2012-06-24,3,57,3
2012-07-01,3,52,3
2012-07-08,3,55,3
2012-07-15,3,53,3
2012-07-22,3,52,3
2012-07-29,3,49,3
2012-08-05,4,51,3
2012-08-12,4,54,3
2012-08-19,5,56,4
2012-08-26,5,56,3
2012-09-02,5,54,3
2012-09-09,6,54,3
2012-09-16,7,54,3
2012-09-23,7,56,3
2012-09-30,8,57,3
2012-10-07,8,56,3
2012-10-14,8,100,3
2012-10-21,9,68,3
2012-10-28,8,57,3
2012-11-04,8,58,3
2012-11-11,10,59,3
2012-11-18,10,59,3
2012-11-25,12,60,3
2012-12-02,18,65,3
2012-12-09,20,67,3
2012-12-16,20,67,3
2012-12-23,25,78,3
2012-12-30,29,77,3
2013-01-06,70,77,3
2013-01-13,67,73,3
2013-01-20,43,78,3
2013-01-27,30,70,3
2013-02-03,22,70,3
2013-02-10,16,65,3
2013-02-17,15,67,3
2013-02-24,12,65,3
2013-03-03,11,64,3
2013-03-10,11,65,3
2013-03-17,9,62,3
2013-03-24,9,63,3
2013-03-31,9,64,3
2013-04-07,8,63,3
2013-04-14,6,58,3
2013-04-21,6,60,3
2013-04-28,5,62,3
2013-05-05,4,60,3
2013-05-12,4,59,3
2013-05-19,3,54,3
2013-05-26,4,56,3
2013-06-02,3,55,3
2013-06-09,3,53,4
2013-06-16,3,56,3
2013-06-23,3,57,4
2013-06-30,3,56,3
2013-07-07,3,56,3
2013-07-14,2,56,3
2013-07-21,3,53,3
2013-07-28,3,55,3
2013-08-04,3,55,4
2013-08-11,3,52,3
2013-08-18,3,54,3
2013-08-25,3,57,3
2013-09-01,4,56,3
2013-09-08,4,56,3
2013-09-15,6,53,3
2013-09-22,6,56,3
2013-09-29,6,58,3
2013-10-06,7,53,3
2013-10-13,7,56,3
2013-10-20,8,56,3
2013-10-27,8,54,3
2013-11-03,8,57,4
2013-11-10,8,58,3
2013-11-17,8,58,3
2013-11-24,8,52,3
2013-12-01,9,57,3
2013-12-08,11,63,3
2013-12-15,15,67,3
2013-12-22,22,69,3
2013-12-29,30,73,3
2014-01-05,31,70,3
2014-01-12,31,71,4
2014-01-19,27,69,3
2014-01-26,21,68,3
2014-02-02,16,67,3
2014-02-09,12,64,3
2014-02-16,11,61,4
2014-02-23,10,66,4
2014-03-02,8,61,4
2014-03-09,8,67,4
2014-03-16,7,64,4
2014-03-23,8,63,4
2014-03-30,7,65,4
2014-04-06,6,70,4
2014-04-13,6,63,4
2014-04-20,6,62,4
2014-04-27,5,64,3
2014-05-04,5,62,4
2014-05-11,4,63,4
2014-05-18,4,63,3
2014-05-25,3,63,4
2014-06-01,3,59,3
2014-06-08,3,58,4
2014-06-15,3,56,4
2014-06-22,3,56,4
2014-06-29,3,56,3
2014-07-06,3,56,4
2014-07-13,3,55,4
2014-07-20,3,54,4
2014-07-27,3,59,4
2014-08-03,3,58,4
2014-08-10,3,52,4
2014-08-17,3,55,3
2014-08-24,3,54,3
2014-08-31,3,60,4
2014-09-07,4,58,4
2014-09-14,5,58,3
2014-09-21,6,59,3
2014-09-28,7,61,4
2014-10-05,9,62,4
2014-10-12,10,69,4
2014-10-19,10,64,4
2014-10-26,8,62,4
2014-11-02,8,60,3
2014-11-09,8,62,3
2014-11-16,9,60,3
2014-11-23,10,57,3
2014-11-30,13,62,3
2014-12-07,17,64,3
2014-12-14,26,76,3
2014-12-21,33,86,4
2014-12-28,39,79,4
2015-01-04,33,71,4
2015-01-11,27,71,3
2015-01-18,27,76,4
2015-01-25,22,74,4
2015-02-01,18,74,3
2015-02-08,15,68,4
2015-02-15,14,68,4
2015-02-22,11,74,4
2015-03-01,11,71,4
2015-03-08,10,81,4
2015-03-15,9,83,4
2015-03-22,8,76,4
2015-03-29,7,72,4
2015-04-05,8,73,4
2015-04-12,9,68,4
2015-04-19,7,65,4
2015-04-26,6,64,4
2015-05-03,5,66,3
2015-05-10,4,62,4
2015-05-17,4,61,4
2015-05-24,4,67,3
2015-05-31,4,63,4
2015-06-07,4,59,4
2015-06-14,3,54,4
2015-06-21,3,61,4
2015-06-28,3,57,4
2015-07-05,3,55,4
2015-07-12,3,58,4
2015-07-19,3,54,4
2015-07-26,3,57,4
2015-08-02,3,59,4
2015-08-09,3,60,4
2015-08-16,3,56,4
2015-08-23,3,56,4
2015-08-30,4,58,4
2015-09-06,4,59,3
2015-09-13,5,61,3
2015-09-20,6,63,4
2015-09-27,7,64,4
2015-10-04,7,63,4
2015-10-11,8,62,4
2015-10-18,8,62,4
2015-10-25,8,61,4
2015-11-01,8,69,4
2015-11-08,8,63,4
2015-11-15,8,64,4
2015-11-22,8,62,3
2015-11-29,9,65,3
2015-12-06,9,70,3
2015-12-13,8,74,3
2015-12-20,10,72,4
2015-12-27,9,69,4
2016-01-03,10,68,4
2016-01-10,8,69,4
2016-01-17,8,69,4
2016-01-24,9,74,4
2016-01-31,8,75,4
2016-02-07,9,80,4
2016-02-14,11,84,4
2016-02-21,14,81,4
2016-02-28,16,87,4
2016-03-06,16,86,4
2016-03-13,13,80,4
2016-03-20,11,75,4
2016-03-27,9,73,4
2016-04-03,9,69,4
2016-04-10,8,71,4
2016-04-17,8,69,4
2016-04-24,6,66,4
2016-05-01,6,65,4
2016-05-08,5,74,4
2016-05-15,5,64,4
2016-05-22,4,66,4
2016-05-29,4,68,4
2016-06-05,3,64,4
2016-06-12,3,61,3
2016-06-19,3,61,4
2016-06-26,3,58,4
2016-07-03,3,56,4
2016-07-10,2,56,4
2016-07-17,3,62,4
2016-07-24,2,57,4
2016-07-31,3,59,4
2016-08-07,2,51,3
2016-08-14,3,55,3
2016-08-21,3,60,4
2016-08-28,4,57,4
2016-09-04,4,61,4
2016-09-11,5,60,4
2016-09-18,6,63,4
2016-09-25,6,59,4
2016-10-02,7,60,4
2016-10-09,7,59,4
2016-10-16,7,61,4
2016-10-23,7,59,4
2016-10-30,8,62,4
2016-11-06,6,55,3
2016-11-13,7,61,4
2016-11-20,7,58,3
2016-11-27,8,62,4
2016-12-04,7,64,3
2016-12-11,8,65,3
2016-12-18,10,68,4
2016-12-25,13,72,4
2017-01-01,15,74,4
2017-01-08,14,76,4
2017-01-15,15,75,4
2017-01-22,15,76,5
2017-01-29,19,96,4
2017-02-05,24,89,4
2017-02-12,23,93,4
2017-02-19,21,88,4
2017-02-26,15,75,4
2017-03-05,13,74,4
2017-03-12,11,75,4
2017-03-19,12,88,4
2017-03-26,10,77,4
2017-04-02,8,74,4
2017-04-09,7,72,4
2017-04-16,7,71,4
2017-04-23,5,69,4
2017-04-30,5,64,4
2017-05-07,5,71,4
2017-05-14,4,65,4
2017-05-21,4,64,4
2017-05-28,4,65,4
2017-06-04,4,68,4
2017-06-11,4,68,4
2017-06-18,3,63,4
2017-06-25,3,61,4
2017-07-02,3,62,4
2017-07-09,3,58,4
2017-07-16,3,58,4
2017-07-23,3,60,5
2017-07-30,3,58,4
2017-08-06,3,57,4
2017-08-13,3,58,4
2017-08-20,3,58,4
2017-08-27,4,74,4
2017-09-03,5,72,4
2017-09-10,5,68,4
2017-09-17,6,60,4
2017-09-24,7,62,4
2017-10-01,7,60,4
2017-10-08,7,62,4
2017-10-15,8,66,4
2017-10-22,8,69,4
2017-10-29,9,66,4
2017-11-05,9,66,4
2017-11-12,9,73,4
2017-11-19,9,71,4
2017-11-26,11,74,4
2017-12-03,13,71,4
2017-12-10,17,80,4
2017-12-17,27,93,4
2017-12-24,36,100,4
2017-12-31,41,98,4
2018-01-07,28,44,2
2018-01-14,37,43,2
2018-01-21,42,48,2
2018-01-28,44,51,2
2018-02-04,40,54,2
2018-02-11,34,46,2
2018-02-18,21,43,2
2018-02-25,12,36,2
2018-03-04,9,34,2
2018-03-11,7,33,2
2018-03-18,6,34,2
2018-03-25,6,34,2
2018-04-01,4,33,2
2018-04-08,4,31,2
2018-04-15,3,31,2
2018-04-22,3,32,2
2018-04-29,3,33,2
2018-05-06,2,31,2
2018-05-13,2,33,2
2018-05-20,2,31,2
2018-05-27,2,31,2
2018-06-03,2,31,2
2018-06-10,2,31,2
2018-06-17,2,30,2
2018-06-24,1,31,2
2018-07-01,1,28,2
2018-07-08,1,28,2
2018-07-15,1,27,2
2018-07-22,1,26,2
2018-07-29,1,26,2
2018-08-05,1,27,2
2018-08-12,1,28,2
2018-08-19,2,29,2
2018-08-26,2,29,2
2018-09-02,2,29,2
2018-09-09,3,28,2
2018-09-16,3,30,2
2018-09-23,3,30,2
2018-09-30,4,30,2
2018-10-07,4,29,2
2018-10-14,5,30,2
2018-10-21,5,30,2
2018-10-28,5,31,2
2018-11-04,5,28,2
2018-11-11,5,31,2
2018-11-18,4,30,2
2018-11-25,6,31,2
2018-12-02,5,30,2
2018-12-09,5,32,2
2018-12-16,7,36,2
2018-12-23,9,39,2
2018-12-30,10,38,2
2019-01-06,9,35,2
2019-01-13,9,36,2
2019-01-20,9,39,2
2019-01-27,11,37,2
2019-02-03,13,40,2
2019-02-10,13,44,2
2019-02-17,13,42,2
2019-02-24,11,41,2
2019-03-03,11,39,2
2019-03-10,9,39,2
2019-03-17,7,38,2
2019-03-24,6,37,2
2019-03-31,5,33,2
2019-04-07,4,34,2
2019-04-14,3,31,2
2019-04-21,3,32,2
2019-04-28,3,32,2
2019-05-05,3,31,2
2019-05-12,2,32,2
2019-05-19,2,31,2
2019-05-26,2,32,2
2019-06-02,2,32,2
2019-06-09,2,29,2
2019-06-16,2,29,2
2019-06-23,2,29,2
2019-06-30,1,28,2
2019-07-07,2,28,2
2019-07-14,1,29,2
2019-07-21,1,27,2
2019-07-28,1,27,2
2019-08-04,1,27,2
2019-08-11,2,26,2
2019-08-18,2,27,2
2019-08-25,2,27,2
2019-09-01,2,28,2
2019-09-08,3,28,2
2019-09-15,3,29,2
2019-09-22,4,30,2
2019-09-29,3,29,2
2019-10-06,4,29,2
2019-10-13,5,30,2
2019-10-20,5,31,2
2019-10-27,5,29,2
2019-11-03,6,31,2
2019-11-10,6,32,2
2019-11-17,7,35,2
2019-11-24,6,32,2
2019-12-01,8,34,2
2019-12-08,8,37,2
2019-12-15,11,41,2
2019-12-22,15,48,2
2019-12-29,15,45,2
2020-01-05,14,42,2
2020-01-12,14,41,2
2020-01-19,16,44,2
2020-01-26,18,47,2
2020-02-02,18,47,3
2020-02-09,17,46,2
2020-02-16,14,46,3
2020-02-23,15,41,2
2020-03-01,18,47,3
2020-03-08,27,69,7
2020-03-15,21,100,11
2020-03-22,12,86,11
2020-03-29,7,70,9
2020-04-05,5,59,7
2020-04-12,3,44,5
2020-04-19,2,40,4
2020-04-26,2,37,4
2020-05-03,2,34,3
2020-05-10,2,35,3
2020-05-17,2,31,3
2020-05-24,2,31,3
2020-05-31,1,28,3
2020-06-07,1,30,3
2020-06-14,2,33,3
2020-06-21,2,36,4
2020-06-28,2,38,4
2020-07-05,2,41,4
2020-07-12,2,42,4
2020-07-19,2,38,3
2020-07-26,1,36,3
2020-08-02,1,34,3
2020-08-09,1,32,3
2020-08-16,1,31,3
2020-08-23,1,29,2
2020-08-30,2,30,3
2020-09-06,2,30,2
2020-09-13,2,29,2
2020-09-20,2,31,3
2020-09-27,3,31,3
2020-10-04,3,35,3
2020-10-11,3,32,3
2020-10-18,3,33,3
2020-10-25,3,31,3
2020-11-01,3,28,2
2020-11-08,3,35,3
2020-11-15,3,37,3
2020-11-22,3,35,3
2020-11-29,3,33,3
2020-12-06,3,35,3
2020-12-13,3,35,3
2020-12-20,3,35,3
2020-12-27,3,38,3
2021-01-03,3,36,3
2021-01-10,3,33,3
2021-01-17,2,33,3
2021-01-24,2,30,3
2021-01-31,2,31,3
2021-02-07,2,30,3
2021-02-14,2,29,3
2021-02-21,2,30,3
2021-02-28,2,29,3
2021-03-07,2,28,3
2021-03-14,2,27,2
2021-03-21,2,30,2
2021-03-28,2,32,3
2021-04-04,2,35,3
2021-04-11,2,33,3
2021-04-18,2,34,3
2021-04-25,2,32,3
2021-05-02,1,32,2
2021-05-09,2,32,2
2021-05-16,2,30,2
2021-05-23,1,29,2
2021-05-30,2,29,2
2021-06-06,1,29,2
2021-06-13,1,28,2
2021-06-20,1,28,2
2021-06-27,1,30,2
2021-07-04,1,30,2
2021-07-11,2,32,2
2021-07-18,2,34,2
2021-07-25,2,35,3
2021-08-01,2,36,3
2021-08-08,2,38,3
2021-08-15,2,40,3
2021-08-22,2,40,3
2021-08-29,2,41,3
2021-09-05,2,41,3
2021-09-12,3,37,3
2021-09-19,3,36,3
2021-09-26,3,35,3
2021-10-03,3,33,2
2021-10-10,3,35,2
2021-10-17,3,33,2
2021-10-24,3,32,2
2021-10-31,4,33,2
2021-11-07,4,36,2
2021-11-14,4,36,2
2021-11-21,4,34,2
2021-11-28,5,38,3
2021-12-05,5,38,2
2021-12-12,6,41,2
2021-12-19,9,53,3
2021-12-26,11,73,3
2022-01-02,15,96,5
2022-01-09,11,82,5
2022-01-16,7,67,4
2022-01-23,5,56,4
2022-01-30,4,51,4
2022-02-06,4,47,4
2022-02-13,4,45,3
2022-02-20,4,42,3
2022-02-27,4,41,3
2022-03-06,4,42,3
2022-03-13,4,43,3
2022-03-20,5,45,3
2022-03-27,5,42,3
2022-04-03,5,48,3
2022-04-10,5,49,3
2022-04-17,5,48,3
2022-04-24,5,50,3
2022-05-01,5,51,3
2022-05-08,5,56,3
2022-05-15,5,58,3
2022-05-22,4,54,3
2022-05-29,4,55,3
2022-06-05,4,54,3
2022-06-12,3,50,3
2022-06-19,3,53,3
2022-06-26,3,52,3
2022-07-03,3,55,3
2022-07-10,3,54,3
2022-07-17,3,57,3
2022-07-24,3,53,3
2022-07-31,3,48,3
2022-08-07,3,51,3
2022-08-14,3,50,3
2022-08-21,3,49,3
2022-08-28,3,50,3
2022-09-04,3,48,3
2022-09-11,4,46,3
2022-09-18,4,46,3
2022-09-25,4,46,3
2022-10-02,5,49,3
2022-10-09,6,50,3
2022-10-16,8,52,3
2022-10-23,12,57,3
2022-10-30,15,63,3
2022-11-06,15,63,3
2022-11-13,15,65,3
2022-11-20,21,74,3
2022-11-27,21,70,3
2022-12-04,21,73,3
2022-12-11,22,72,3
2022-12-18,18,72,3
2022-12-25,16,68,3
2023-01-01,10,51,3
2023-01-08,7,48,3
2023-01-15,6,47,3
2023-01-22,5,47,3
2023-01-29,5,56,3
2023-02-05,5,52,3
2023-02-12,5,49,3
2023-02-19,5,50,3
2023-02-26,4,51,3
2023-03-05,4,49,3
2023-03-12,4,47,3
2023-03-19,4,49,3
2023-03-26,4,47,3
2023-04-02,3,48,3
2023-04-09,3,45,3
2023-04-16,3,46,3
2023-04-23,3,46,3
2023-04-30,3,43,3
2023-05-07,3,46,3
2023-05-14,3,46,3
2023-05-21,3,50,3
2023-05-28,3,47,3
2023-06-04,2,45,3
2023-06-11,2,45,3
2023-06-18,2,42,3
2023-06-25,2,44,3
2023-07-02,2,42,3
2023-07-09,2,41,3
2023-07-16,2,39,3
2023-07-23,2,39,3
2023-07-30,2,40,3
2023-08-06,2,42,3
2023-08-13,2,45,3
2023-08-20,3,45,3
2023-08-27,3,46,3
2023-09-03,4,45,3
2023-09-10,4,44,3
2023-09-17,4,44,3
2023-09-24,4,45,3
2023-10-01,5,44,3
2023-10-08,5,45,3
2023-10-15,5,48,3
2023-10-22,5,47,3
2023-10-29,5,47,3
2023-11-05,6,51,3
2023-11-12,7,50,3
2023-11-19,7,52,3
2023-11-26,8,53,3
2023-12-03,9,56,3
2023-12-10,12,64,3
2023-12-17,15,74,3
2023-12-24,16,75,3
2023-12-31,14,64,3
